category,nominal_N,nominal_selected,nominal_sigmaK_pb,nominal_raw_fraction,nominal_weighted_fraction,nominal_rate_pb,lower_N,lower_selected,lower_sigmaK_pb,lower_fraction,lower_rate_pb,rate_ratio,conditional_95_low,conditional_95_high,with_integration_95_low,with_integration_95_high,equivalence
CRVV_MT2_hghmet_cuts,60000,112,0.04079737349333333,0.0018666666666666666,0.0018666578337723392,7.615473682866665e-05,20000,23,0.09096911459999998,0.00115,0.00010461448178999998,1.3737094519197437,0.7577381818593593,1.989680721980128,0.7577020599208634,1.989716843918624,not_established
CRVV_MT2_lowmet_cuts,60000,26,0.04079737349333333,0.0004333333333333333,0.00043333156675446786,1.767878977533333e-05,20000,5,0.09096911459999998,0.00025,2.2742278649999996e-05,1.2864160352046041,,,,,unresolved
CRtau_MT2_hghmet_cuts,60000,19,0.04079737349333333,0.00031666666666666665,0.00031666843324553204,1.2919240344666664e-05,20000,2,0.09096911459999998,9.999999999999999e-05,9.096911459999998e-06,0.7041367152640206,,,,,unresolved
CRtau_MT2_lowmet_cuts,60000,28,0.04079737349333333,0.00046666666666666666,0.000466668433245532,1.9038846368666663e-05,20000,5,0.09096911459999998,0.00025,2.2742278649999996e-05,1.194519783899737,,,,,unresolved
CRtop_MT2_hghmet_cuts,60000,49,0.04079737349333333,0.0008166666666666667,0.0008166578337723395,3.331749466066666e-05,20000,13,0.09096911459999998,0.00065,5.9129924489999985e-05,1.774741020962974,0.6899146590651131,2.859567382860835,0.6898804616551903,2.8596015802707573,not_established
CRtop_MT2_lowmet_cuts,60000,14,0.04079737349333333,0.00023333333333333333,0.00023333686649106418,9.519531292e-06,20000,1,0.09096911459999998,4.9999999999999996e-05,4.548455729999999e-06,0.47780248737901826,,,,,unresolved
SRee_eMT2a_hghmet_cuts,60000,5,0.04079737349333333,8.333333333333333e-05,8.333686649106416e-05,3.3999252679999996e-06,20000,1,0.09096911459999998,4.9999999999999996e-05,4.548455729999999e-06,1.3378105021336604,,,,,unresolved
SRee_eMT2a_lowmet_V2_cuts,60000,14,0.04079737349333333,0.00023333333333333333,0.00023333686649106418,9.519531292e-06,20000,2,0.09096911459999998,9.999999999999999e-05,9.096911459999998e-06,0.9556049747580365,,,,,unresolved
SRee_eMT2b_hghmet_cuts,60000,17,0.04079737349333333,0.00028333333333333335,0.0002833527657008529,1.1560048612666665e-05,20000,2,0.09096911459999998,9.999999999999999e-05,9.096911459999998e-06,0.7869267478713075,,,,,unresolved
SRee_eMT2b_lowmet_V2_cuts,60000,16,0.04079737349333333,0.0002666666666666667,0.00026667903271872457,1.0879804100666665e-05,20000,3,0.09096911459999998,0.00015,1.3645367189999996e-05,1.2541923607947931,,,,,unresolved
SRee_eMT2c_hghmet_cuts,60000,33,0.04079737349333333,0.00055,0.0005499947002634037,2.2438339205999997e-05,20000,7,0.09096911459999998,0.00035,3.183919010999999e-05,1.4189637574195426,,,,,unresolved
SRee_eMT2c_lowmet_V2_cuts,60000,27,0.04079737349333333,0.00045,0.0004500052997365962,1.835903428733333e-05,20000,5,0.09096911459999998,0.00025,2.2742278649999996e-05,1.238751357727506,,,,,unresolved
SRee_eMT2d_hghmet_cuts,60000,121,0.04079737349333333,0.0020166666666666666,0.0020167055314017058,8.227628879066666e-05,20000,21,0.09096911459999998,0.00105,9.551757032999998e-05,1.1609367866971099,0.623362820765723,1.6985107526284966,0.6233328536135544,1.6985407197806652,not_established
SRee_eMT2d_lowmet_V2_cuts,60000,73,0.04079737349333333,0.0012166666666666667,0.0012166525340357433,4.963622784266666e-05,20000,8,0.09096911459999998,0.00039999999999999996,3.638764583999999e-05,0.7330864455562363,,,,,unresolved
SRee_eMT2e_hghmet_cuts,60000,50,0.04079737349333333,0.0008333333333333334,0.0008332997683348904,3.3996441880666665e-05,20000,15,0.09096911459999998,0.00075,6.822683594999998e-05,2.006881666895844,0.8493688985571561,3.1643944352345317,0.849327561677633,3.1644357721140546,not_established
SRee_eMT2e_lowmet_V2_cuts,60000,50,0.04079737349333333,0.0008333333333333334,0.0008333368664910641,3.3997955387999995e-05,20000,11,0.09096911459999998,0.00055,5.003301302999999e-05,1.4716477052517039,0.5113521230605047,2.431943287442903,0.5113254418108029,2.431969968692605,not_established
SRee_eMT2f_hghmet_cuts,60000,0,0.04079737349333333,0.0,0.0,0.0,20000,0,0.09096911459999998,0.0,0.0,,,,,,unresolved
SRee_eMT2f_lowmet_V2_cuts,60000,0,0.04079737349333333,0.0,0.0,0.0,20000,0,0.09096911459999998,0.0,0.0,,,,,,unresolved
SRee_eMT2g_hghmet_cuts,60000,0,0.04079737349333333,0.0,0.0,0.0,20000,0,0.09096911459999998,0.0,0.0,,,,,,unresolved
SRee_eMT2g_lowmet_V2_cuts,60000,0,0.04079737349333333,0.0,0.0,0.0,20000,0,0.09096911459999998,0.0,0.0,,,,,,unresolved
SRee_eMT2h_hghmet_cuts,60000,0,0.04079737349333333,0.0,0.0,0.0,20000,0,0.09096911459999998,0.0,0.0,,,,,,unresolved
SRee_eMT2h_lowmet_V2_cuts,60000,0,0.04079737349333333,0.0,0.0,0.0,20000,0,0.09096911459999998,0.0,0.0,,,,,,unresolved
SRmm_eMT2a_hghmet_cuts,60000,16,0.04079737349333333,0.0002666666666666667,0.0002666843324553208,1.0880020315999999e-05,20000,3,0.09096911459999998,0.00015,1.3645367189999996e-05,1.2541674366116136,,,,,unresolved
SRmm_eMT2a_lowmet_V2_cuts,60000,18,0.04079737349333333,0.0003,0.00030002649868298114,1.2240293124666663e-05,20000,3,0.09096911459999998,0.00015,1.3645367189999996e-05,1.114790883765833,,,,,unresolved
SRmm_eMT2b_hghmet_cuts,60000,38,0.04079737349333333,0.0006333333333333333,0.0006333474659642566,2.5838913119999994e-05,20000,5,0.09096911459999998,0.00025,2.2742278649999996e-05,0.8801561638595734,,,,,unresolved
SRmm_eMT2b_lowmet_V2_cuts,60000,23,0.04079737349333333,0.00038333333333333334,0.00038332626701787165,1.5638704885333332e-05,20000,3,0.09096911459999998,0.00015,1.3645367189999996e-05,0.8725381858696767,,,,,unresolved
SRmm_eMT2c_hghmet_cuts,60000,81,0.04079737349333333,0.00135,0.0013499947002634037,5.507623800066666e-05,20000,19,0.09096911459999998,0.00095,8.642065886999998e-05,1.5691096924403938,0.7855733555875168,2.352646029293271,0.7855362973358436,2.352683087544944,not_established
SRmm_eMT2c_lowmet_V2_cuts,60000,41,0.04079737349333333,0.0006833333333333333,0.0006833368664910641,2.7878349363999996e-05,20000,10,0.09096911459999998,0.0005,4.548455729999999e-05,1.6315369574475356,0.5040235319811628,2.7590503829139084,0.5039955885740897,2.7590783263209815,not_established
SRmm_eMT2d_hghmet_cuts,60000,172,0.04079737349333333,0.0028666666666666667,0.0028666472342991473,0.00011695167789133333,20000,35,0.09096911459999998,0.00175,0.00015919595054999998,1.3612113431832786,0.8669701394179523,1.855452546948605,0.8669259575780266,1.8554967287885307,not_established
SRmm_eMT2d_lowmet_V2_cuts,60000,139,0.04079737349333333,0.0023166666666666665,0.002316652534035743,9.451333868533331e-05,20000,32,0.09096911459999998,0.0015999999999999999,0.00014555058335999997,1.5400004421025355,0.9487008714793597,2.1313000127257116,0.94865359665592,2.131347287549151,not_established
SRmm_eMT2e_hghmet_cuts,60000,82,0.04079737349333333,0.0013666666666666666,0.0013666419345625509,5.5755401436e-05,20000,22,0.09096911459999998,0.0011,0.00010006602605999998,1.794732411259972,0.9506321574999381,2.638832665020006,0.9505872120162715,2.6388776105036724,not_established
SRmm_eMT2e_lowmet_V2_cuts,60000,86,0.04079737349333333,0.0014333333333333333,0.0014333633651740453,5.847746056066666e-05,20000,15,0.09096911459999998,0.00075,6.822683594999998e-05,1.1667202251236435,0.527140382468307,1.80630006777898,0.5271149045501369,1.80632554569715,not_established
SRmm_eMT2f_hghmet_cuts,60000,1,0.04079737349333333,1.6666666666666667e-05,1.666843324553208e-05,6.800282966666666e-07,20000,0,0.09096911459999998,0.0,0.0,0.0,,,,,unresolved
SRmm_eMT2f_lowmet_V2_cuts,60000,0,0.04079737349333333,0.0,0.0,0.0,20000,0,0.09096911459999998,0.0,0.0,,,,,,unresolved
SRmm_eMT2g_hghmet_cuts,60000,0,0.04079737349333333,0.0,0.0,0.0,20000,0,0.09096911459999998,0.0,0.0,,,,,,unresolved
SRmm_eMT2g_lowmet_V2_cuts,60000,0,0.04079737349333333,0.0,0.0,0.0,20000,0,0.09096911459999998,0.0,0.0,,,,,,unresolved
SRmm_eMT2h_hghmet_cuts,60000,0,0.04079737349333333,0.0,0.0,0.0,20000,0,0.09096911459999998,0.0,0.0,,,,,,unresolved
SRmm_eMT2h_lowmet_V2_cuts,60000,0,0.04079737349333333,0.0,0.0,0.0,20000,0,0.09096911459999998,0.0,0.0,,,,,,unresolved
SR_high,60000,616,0.04079737349333333,0.010266666666666667,0.010266673732982127,0.0004188533228186666,20000,130,0.09096911459999998,0.0065,0.0005912992448999999,1.4117095715532617,1.1456117945446431,1.6778073485618803,1.1455233438286379,1.6778957992778856,not_established
SR_low,60000,487,0.04079737349333333,0.008116666666666666,0.008116716130874897,0.00033114069953066663,20000,92,0.09096911459999998,0.0046,0.00041845792715999993,1.2636861846130363,0.9828554512347716,1.544516917991301,0.9827881216766727,1.5445842475493998,not_established
