sample,workspace_index,channel,group,region,flavour,native_yield,official_yield,native_sumw_pb,native_sumw2_pb2,native_selected_nonzero,native_neff,native_mc_error,native_relative_mc_error,precision_status,official_sample_status,official_mc_constraint_error,official_mc_constraint_type,official_raw_selected_count,official_raw_sumw2,official_constraint_implied_effective_count,nominal_background,observed_data,observed_minus_nominal_background
smoke2,0,CRVV_MT2_hghmet_cuts,CR,CR_S_VV_high,,11.42671732668532,6.757658004760742,8.220659947255626e-05,3.378962498420644e-09,2,2.0,8.079909308401009,0.7071067811865475,estimated-from-weight-moments,present,1.0087535176389033,staterror,,,44.87684259643869,393.64001846313477,367,-26.640018463134766
smoke2,1,CRVV_MT2_lowmet_cuts,CR,CR_S_VV_low,,5.71335866334266,1.2870457172393799,4.110329973627813e-05,1.689481249210322e-09,1,1.0,5.71335866334266,1.0,estimated-from-weight-moments,present,0.47415888167282527,staterror,,,7.367839687125146,306.25725078582764,272,-34.25725078582764
smoke2,2,CRtau_MT2_hghmet_cuts,CR,CR_S_tau_high,,0.0,1.0903632640838623,0.0,0.0,0,,0.0,,zero-selected/precision-unresolved,present,0.3897937599282783,staterror,,,7.824789396680009,262.5690574645996,218,-44.56905746459961
smoke2,3,CRtau_MT2_lowmet_cuts,CR,CR_S_tau_low,,0.0,2.1432151794433594,0.0,0.0,0,,0.0,,zero-selected/precision-unresolved,present,0.5690851367869714,staterror,,,14.183292752561526,759.0564527511597,799,39.94354724884033
smoke2,4,CRtop_MT2_hghmet_cuts,CR,CR_S_top_high,,11.42671732668532,15.519792556762695,8.220659947255626e-05,3.378962498420644e-09,2,2.0,8.079909308401009,0.7071067811865475,estimated-from-weight-moments,present,1.6129513370424797,staterror,,,92.58258324240666,1987.8625400159508,2053,65.1374599840492
smoke2,5,CRtop_MT2_lowmet_cuts,CR,CR_S_top_low,,0.0,5.6018967628479,0.0,0.0,0,,0.0,,zero-selected/precision-unresolved,present,0.9842804213543593,staterror,,,32.391608069354454,2889.4120810125023,3106,216.5879189874977
smoke2,6,SRee_eMT2a_hghmet_cuts,SR-high,SR_S_high_eMT2a,isee,0.0,1.3944287300109863,0.0,0.0,0,,0.0,,zero-selected/precision-unresolved,present,0.44127786629403354,staterror,,,9.985466411915683,4.061394581571221,3,-1.0613945815712214
smoke2,7,SRee_eMT2a_lowmet_V2_cuts,SR-low,SR_S_low_eMT2a,isee,0.0,2.1869678497314453,0.0,0.0,0,,0.0,,zero-selected/precision-unresolved,present,0.6345776716655962,staterror,,,11.877231554155454,4.212039137259126,8,3.7879608627408743
smoke2,8,SRee_eMT2b_hghmet_cuts,SR-high,SR_S_high_eMT2b,isee,11.42671732668532,1.4041948318481445,8.220659947255626e-05,3.378962498420644e-09,2,2.0,8.079909308401009,0.7071067811865475,estimated-from-weight-moments,present,0.5001524359835144,staterror,,,7.882245619072749,3.4521576147526503,3,-0.45215761475265026
smoke2,9,SRee_eMT2b_lowmet_V2_cuts,SR-low,SR_S_low_eMT2b,isee,0.0,1.5879237651824951,0.0,0.0,0,,0.0,,zero-selected/precision-unresolved,present,0.4826362079263616,staterror,,,10.824790424335049,5.3189516216516495,5,-0.3189516216516495
smoke2,10,SRee_eMT2c_hghmet_cuts,SR-high,SR_S_high_eMT2c,isee,0.0,4.657464504241943,0.0,0.0,0,,0.0,,zero-selected/precision-unresolved,present,0.8532424798771928,staterror,,,29.7957395151046,8.188006713986397,9,0.8119932860136032
smoke2,11,SRee_eMT2c_lowmet_V2_cuts,SR-low,SR_S_low_eMT2c,isee,5.71335866334266,3.760563611984253,4.110329973627813e-05,1.689481249210322e-09,1,1.0,5.71335866334266,1.0,estimated-from-weight-moments,present,0.7979407370230116,staterror,,,22.21082057212825,9.553907573223114,15,5.446092426776886
smoke2,12,SRee_eMT2d_hghmet_cuts,SR-high,SR_S_high_eMT2d,isee,5.71335866334266,13.900753021240234,4.110329973627813e-05,1.689481249210322e-09,1,1.0,5.71335866334266,1.0,estimated-from-weight-moments,present,1.4955792061295197,staterror,,,86.38887486624361,14.322085037827492,13,-1.3220850378274918
smoke2,13,SRee_eMT2d_lowmet_V2_cuts,SR-low,SR_S_low_eMT2d,isee,5.71335866334266,8.071308135986328,4.110329973627813e-05,1.689481249210322e-09,1,1.0,5.71335866334266,1.0,estimated-from-weight-moments,present,1.1490573164435307,staterror,,,49.34060499545342,22.77468355000019,19,-3.7746835500001907
smoke2,14,SRee_eMT2e_hghmet_cuts,SR-high,SR_S_high_eMT2e,isee,0.0,6.5795793533325195,0.0,0.0,0,,0.0,,zero-selected/precision-unresolved,present,1.0215008333914126,staterror,,,41.487647329003444,8.724921852350235,9,0.275078147649765
smoke2,15,SRee_eMT2e_lowmet_V2_cuts,SR-low,SR_S_low_eMT2e,isee,0.0,4.783873558044434,0.0,0.0,0,,0.0,,zero-selected/precision-unresolved,present,0.931678353586214,staterror,,,26.36497562151927,28.099231839179993,30,1.9007681608200073
smoke2,16,SRee_eMT2f_hghmet_cuts,SR-high,SR_S_high_eMT2f,isee,0.0,0.0,0.0,0.0,0,,0.0,,zero-selected/precision-unresolved,omitted-no-signal-sample,,,,,,8.312799006700516,6,-2.3127990067005157
smoke2,17,SRee_eMT2f_lowmet_V2_cuts,SR-low,SR_S_low_eMT2f,isee,0.0,0.09284541010856628,0.0,0.0,0,,0.0,,zero-selected/precision-unresolved,present,0.09284540775268897,staterror,,,1.000000050748387,20.231061467900872,24,3.7689385320991278
smoke2,18,SRee_eMT2g_hghmet_cuts,SR-high,SR_S_high_eMT2g,isee,0.0,0.0,0.0,0.0,0,,0.0,,zero-selected/precision-unresolved,omitted-no-signal-sample,,,,,,7.315484035760164,8,0.6845159642398357
smoke2,19,SRee_eMT2g_lowmet_V2_cuts,SR-low,SR_S_low_eMT2g,isee,0.0,0.0,0.0,0.0,0,,0.0,,zero-selected/precision-unresolved,omitted-no-signal-sample,,,,,,25.287820169702172,32,6.712179830297828
smoke2,20,SRee_eMT2h_hghmet_cuts,SR-high,SR_S_high_eMT2h,isee,0.0,0.0,0.0,0.0,0,,0.0,,zero-selected/precision-unresolved,omitted-no-signal-sample,,,,,,6.534119114279747,6,-0.534119114279747
smoke2,21,SRee_eMT2h_lowmet_V2_cuts,SR-low,SR_S_low_eMT2h,isee,0.0,0.0,0.0,0.0,0,,0.0,,zero-selected/precision-unresolved,omitted-no-signal-sample,,,,,,20.556492218747735,11,-9.556492218747735
smoke2,22,SRmm_eMT2a_hghmet_cuts,SR-high,SR_S_high_eMT2a,ismm,0.0,3.2841274738311768,0.0,0.0,0,,0.0,,zero-selected/precision-unresolved,present,0.7152862632449121,staterror,,,21.080467722966986,11.761733478400856,10,-1.7617334784008563
smoke2,23,SRmm_eMT2a_lowmet_V2_cuts,SR-low,SR_S_low_eMT2a,ismm,0.0,2.139711380004883,0.0,0.0,0,,0.0,,zero-selected/precision-unresolved,present,0.618342077265514,staterror,,,11.97437326194176,7.31170604377985,3,-4.31170604377985
smoke2,24,SRmm_eMT2b_hghmet_cuts,SR-high,SR_S_high_eMT2b,ismm,5.71335866334266,3.2996106147766113,4.110329973627813e-05,1.689481249210322e-09,1,1.0,5.71335866334266,1.0,estimated-from-weight-moments,present,0.6924215510347493,staterror,,,22.708279508860453,7.020759720355272,3,-4.020759720355272
smoke2,25,SRmm_eMT2b_lowmet_V2_cuts,SR-low,SR_S_low_eMT2b,ismm,17.14007599002798,2.6684067249298096,0.0001233098992088344,5.068443747630966e-09,3,3.0,9.895827486773296,0.5773502691896258,estimated-from-weight-moments,present,0.6548664430033994,staterror,,,16.603459213700493,4.681432947516441,6,1.3185670524835587
smoke2,26,SRmm_eMT2c_hghmet_cuts,SR-high,SR_S_high_eMT2c,ismm,5.71335866334266,6.171170234680176,4.110329973627813e-05,1.689481249210322e-09,1,1.0,5.71335866334266,1.0,estimated-from-weight-moments,present,0.9099679065960515,staterror,,,45.9920642606973,7.386598721146584,11,3.6134012788534164
smoke2,27,SRmm_eMT2c_lowmet_V2_cuts,SR-low,SR_S_low_eMT2c,ismm,0.0,4.130324840545654,0.0,0.0,0,,0.0,,zero-selected/precision-unresolved,present,0.8626444902190222,staterror,,,22.92475552495408,12.558428853750229,15,2.441571146249771
smoke2,28,SRmm_eMT2d_hghmet_cuts,SR-high,SR_S_high_eMT2d,ismm,22.85343465337064,19.61179542541504,0.00016441319894511253,6.757924996841288e-09,4,4.0,11.42671732668532,0.5,estimated-from-weight-moments,present,1.7197441990652818,staterror,,,130.04899560256587,16.48819413781166,12,-4.488194137811661
smoke2,29,SRmm_eMT2d_lowmet_V2_cuts,SR-low,SR_S_low_eMT2d,ismm,22.85343465337064,13.152268409729004,0.00016441319894511253,6.757924996841288e-09,4,4.0,11.42671732668532,0.5,estimated-from-weight-moments,present,1.45926129805117,staterror,,,81.23350603007913,27.85722064971924,23,-4.857220649719238
smoke2,30,SRmm_eMT2e_hghmet_cuts,SR-high,SR_S_high_eMT2e,ismm,11.42671732668532,10.40526294708252,8.220659947255626e-05,3.378962498420644e-09,2,2.0,8.079909308401009,0.7071067811865475,estimated-from-weight-moments,present,1.2910035250555296,staterror,,,64.96078478363677,13.498231828212738,9,-4.498231828212738
smoke2,31,SRmm_eMT2e_lowmet_V2_cuts,SR-low,SR_S_low_eMT2e,ismm,5.71335866334266,9.702143669128418,4.110329973627813e-05,1.689481249210322e-09,1,1.0,5.71335866334266,1.0,estimated-from-weight-moments,present,1.3140420425580996,staterror,,,54.51510858551022,38.538812935352325,37,-1.5388129353523254
smoke2,32,SRmm_eMT2f_hghmet_cuts,SR-high,SR_S_high_eMT2f,ismm,0.0,0.0,0.0,0.0,0,,0.0,,zero-selected/precision-unresolved,omitted-no-signal-sample,,,,,,12.034919410943985,11,-1.034919410943985
smoke2,33,SRmm_eMT2f_lowmet_V2_cuts,SR-low,SR_S_low_eMT2f,ismm,0.0,0.0,0.0,0.0,0,,0.0,,zero-selected/precision-unresolved,omitted-no-signal-sample,,,,,,37.51419425010681,44,6.4858057498931885
smoke2,34,SRmm_eMT2g_hghmet_cuts,SR-high,SR_S_high_eMT2g,ismm,0.0,0.0,0.0,0.0,0,,0.0,,zero-selected/precision-unresolved,omitted-no-signal-sample,,,,,,13.144576514139771,10,-3.1445765141397715
smoke2,35,SRmm_eMT2g_lowmet_V2_cuts,SR-low,SR_S_low_eMT2g,ismm,0.0,0.0,0.0,0.0,0,,0.0,,zero-selected/precision-unresolved,omitted-no-signal-sample,,,,,,36.41258002258837,41,4.587419977411628
smoke2,36,SRmm_eMT2h_hghmet_cuts,SR-high,SR_S_high_eMT2h,ismm,0.0,0.0,0.0,0.0,0,,0.0,,zero-selected/precision-unresolved,omitted-no-signal-sample,,,,,,7.461649047210813,8,0.5383509527891874
smoke2,37,SRmm_eMT2h_lowmet_V2_cuts,SR-low,SR_S_low_eMT2h,ismm,0.0,0.0,0.0,0.0,0,,0.0,,zero-selected/precision-unresolved,omitted-no-signal-sample,,,,,,26.6980830617249,28,1.3019169382750988
anchor20k,0,CRVV_MT2_hghmet_cuts,CR,CR_S_VV_high,,11.055783314759537,6.757658004760742,7.953800945870171e-05,1.6221269099109032e-10,39,39.0,1.7703421710615312,0.16012815380508713,estimated-from-weight-moments,present,1.0087535176389033,staterror,,,44.87684259643869,393.64001846313477,367,-26.640018463134766
anchor20k,1,CRVV_MT2_lowmet_cuts,CR,CR_S_VV_low,,2.551334611098355,1.2870457172393799,1.8354925259700394e-05,3.743369792102084e-11,9,9.0,0.8504448703661183,0.3333333333333333,estimated-from-weight-moments,present,0.47415888167282527,staterror,,,7.367839687125146,306.25725078582764,272,-34.25725078582764
anchor20k,2,CRtau_MT2_hghmet_cuts,CR,CR_S_tau_high,,1.7008897407322365,1.0903632640838623,1.2236616839800263e-05,2.4955798614013895e-11,6,6.0,0.6943853289214588,0.4082482904638631,estimated-from-weight-moments,present,0.3897937599282783,staterror,,,7.824789396680009,262.5690574645996,218,-44.56905746459961
anchor20k,3,CRtau_MT2_lowmet_cuts,CR,CR_S_tau_low,,2.551334611098355,2.1432151794433594,1.8354925259700394e-05,3.743369792102084e-11,9,9.0,0.8504448703661183,0.3333333333333333,estimated-from-weight-moments,present,0.5690851367869714,staterror,,,14.183292752561526,759.0564527511597,799,39.94354724884033
anchor20k,4,CRtop_MT2_hghmet_cuts,CR,CR_S_top_high,,5.10266922219671,15.519792556762695,3.670985051940079e-05,7.486739584204169e-11,18,18.0,1.202710669722393,0.23570226039551587,estimated-from-weight-moments,present,1.6129513370424797,staterror,,,92.58258324240666,1987.8625400159508,2053,65.1374599840492
anchor20k,5,CRtop_MT2_lowmet_cuts,CR,CR_S_top_low,,1.133926493821491,5.6018967628479,8.157744559866842e-06,1.6637199076009263e-11,4,4.0,0.5669632469107455,0.5,estimated-from-weight-moments,present,0.9842804213543593,staterror,,,32.391608069354454,2889.4120810125023,3106,216.5879189874977
anchor20k,6,SRee_eMT2a_hghmet_cuts,SR-high,SR_S_high_eMT2a,isee,0.28348162345537276,1.3944287300109863,2.0394361399667105e-06,4.159299769002316e-12,1,1.0,0.28348162345537276,1.0,estimated-from-weight-moments,present,0.44127786629403354,staterror,,,9.985466411915683,4.061394581571221,3,-1.0613945815712214
anchor20k,7,SRee_eMT2a_lowmet_V2_cuts,SR-low,SR_S_low_eMT2a,isee,1.133926493821491,2.1869678497314453,8.157744559866842e-06,1.6637199076009263e-11,4,4.0,0.5669632469107455,0.5,estimated-from-weight-moments,present,0.6345776716655962,staterror,,,11.877231554155454,4.212039137259126,8,3.7879608627408743
anchor20k,8,SRee_eMT2b_hghmet_cuts,SR-high,SR_S_high_eMT2b,isee,0.5669632469107455,1.4041948318481445,4.078872279933421e-06,8.318599538004632e-12,2,2.0,0.400903556574131,0.7071067811865475,estimated-from-weight-moments,present,0.5001524359835144,staterror,,,7.882245619072749,3.4521576147526503,3,-0.45215761475265026
anchor20k,9,SRee_eMT2b_lowmet_V2_cuts,SR-low,SR_S_low_eMT2b,isee,0.8504448703661183,1.5879237651824951,6.118308419900131e-06,1.2477899307006948e-11,3,3.0,0.49100457483681476,0.5773502691896258,estimated-from-weight-moments,present,0.4826362079263616,staterror,,,10.824790424335049,5.3189516216516495,5,-0.3189516216516495
anchor20k,10,SRee_eMT2c_hghmet_cuts,SR-high,SR_S_high_eMT2c,isee,3.401779481464473,4.657464504241943,2.4473233679600526e-05,4.991159722802779e-11,12,12.0,0.9820091496736295,0.2886751345948129,estimated-from-weight-moments,present,0.8532424798771928,staterror,,,29.7957395151046,8.188006713986397,9,0.8119932860136032
anchor20k,11,SRee_eMT2c_lowmet_V2_cuts,SR-low,SR_S_low_eMT2c,isee,2.267852987642982,3.760563611984253,1.6315489119733684e-05,3.327439815201853e-11,8,8.0,0.801807113148262,0.35355339059327373,estimated-from-weight-moments,present,0.7979407370230116,staterror,,,22.21082057212825,9.553907573223114,15,5.446092426776886
anchor20k,12,SRee_eMT2d_hghmet_cuts,SR-high,SR_S_high_eMT2d,isee,9.354893574027301,13.900753021240234,6.730139261890145e-05,1.3725689237707642e-10,33,33.0,1.6284779450816929,0.17407765595569785,estimated-from-weight-moments,present,1.4955792061295197,staterror,,,86.38887486624361,14.322085037827492,13,-1.3220850378274918
anchor20k,13,SRee_eMT2d_lowmet_V2_cuts,SR-low,SR_S_low_eMT2d,isee,7.654003833295064,8.071308135986328,5.506477577910118e-05,1.1230109376306253e-10,27,27.0,1.4730137245104444,0.19245008972987526,estimated-from-weight-moments,present,1.1490573164435307,staterror,,,49.34060499545342,22.77468355000019,19,-3.7746835500001907
anchor20k,14,SRee_eMT2e_hghmet_cuts,SR-high,SR_S_high_eMT2e,isee,6.520077339473573,6.5795793533325195,4.690703121923434e-05,9.566389468705326e-11,23,23.0,1.3595301060471432,0.20851441405707477,estimated-from-weight-moments,present,1.0215008333914126,staterror,,,41.487647329003444,8.724921852350235,9,0.275078147649765
anchor20k,15,SRee_eMT2e_lowmet_V2_cuts,SR-low,SR_S_low_eMT2e,isee,4.535705975285964,4.783873558044434,3.263097823946737e-05,6.654879630403705e-11,16,16.0,1.133926493821491,0.25,estimated-from-weight-moments,present,0.931678353586214,staterror,,,26.36497562151927,28.099231839179993,30,1.9007681608200073
anchor20k,16,SRee_eMT2f_hghmet_cuts,SR-high,SR_S_high_eMT2f,isee,0.0,0.0,0.0,0.0,0,,0.0,,zero-selected/precision-unresolved,omitted-no-signal-sample,,,,,,8.312799006700516,6,-2.3127990067005157
anchor20k,17,SRee_eMT2f_lowmet_V2_cuts,SR-low,SR_S_low_eMT2f,isee,0.0,0.09284541010856628,0.0,0.0,0,,0.0,,zero-selected/precision-unresolved,present,0.09284540775268897,staterror,,,1.000000050748387,20.231061467900872,24,3.7689385320991278
anchor20k,18,SRee_eMT2g_hghmet_cuts,SR-high,SR_S_high_eMT2g,isee,0.0,0.0,0.0,0.0,0,,0.0,,zero-selected/precision-unresolved,omitted-no-signal-sample,,,,,,7.315484035760164,8,0.6845159642398357
anchor20k,19,SRee_eMT2g_lowmet_V2_cuts,SR-low,SR_S_low_eMT2g,isee,0.0,0.0,0.0,0.0,0,,0.0,,zero-selected/precision-unresolved,omitted-no-signal-sample,,,,,,25.287820169702172,32,6.712179830297828
anchor20k,20,SRee_eMT2h_hghmet_cuts,SR-high,SR_S_high_eMT2h,isee,0.0,0.0,0.0,0.0,0,,0.0,,zero-selected/precision-unresolved,omitted-no-signal-sample,,,,,,6.534119114279747,6,-0.534119114279747
anchor20k,21,SRee_eMT2h_lowmet_V2_cuts,SR-low,SR_S_low_eMT2h,isee,0.0,0.0,0.0,0.0,0,,0.0,,zero-selected/precision-unresolved,omitted-no-signal-sample,,,,,,20.556492218747735,11,-9.556492218747735
anchor20k,22,SRmm_eMT2a_hghmet_cuts,SR-high,SR_S_high_eMT2a,ismm,0.5669632469107455,3.2841274738311768,4.078872279933421e-06,8.318599538004632e-12,2,2.0,0.400903556574131,0.7071067811865475,estimated-from-weight-moments,present,0.7152862632449121,staterror,,,21.080467722966986,11.761733478400856,10,-1.7617334784008563
anchor20k,23,SRmm_eMT2a_lowmet_V2_cuts,SR-low,SR_S_low_eMT2a,ismm,0.28348162345537276,2.139711380004883,2.0394361399667105e-06,4.159299769002316e-12,1,1.0,0.28348162345537276,1.0,estimated-from-weight-moments,present,0.618342077265514,staterror,,,11.97437326194176,7.31170604377985,3,-4.31170604377985
anchor20k,24,SRmm_eMT2b_hghmet_cuts,SR-high,SR_S_high_eMT2b,ismm,2.8348162345537276,3.2996106147766113,2.0394361399667105e-05,4.159299769002316e-11,10,10.0,0.8964476049211897,0.31622776601683794,estimated-from-weight-moments,present,0.6924215510347493,staterror,,,22.708279508860453,7.020759720355272,3,-4.020759720355272
anchor20k,25,SRmm_eMT2b_lowmet_V2_cuts,SR-low,SR_S_low_eMT2b,ismm,2.551334611098355,2.6684067249298096,1.8354925259700394e-05,3.743369792102084e-11,9,9.0,0.8504448703661183,0.3333333333333333,estimated-from-weight-moments,present,0.6548664430033994,staterror,,,16.603459213700493,4.681432947516441,6,1.3185670524835587
anchor20k,26,SRmm_eMT2c_hghmet_cuts,SR-high,SR_S_high_eMT2c,ismm,7.937485456750437,6.171170234680176,5.710421191906789e-05,1.1646039353206484e-10,28,28.0,1.5000437538395421,0.1889822365046136,estimated-from-weight-moments,present,0.9099679065960515,staterror,,,45.9920642606973,7.386598721146584,11,3.6134012788534164
anchor20k,27,SRmm_eMT2c_lowmet_V2_cuts,SR-low,SR_S_low_eMT2c,ismm,3.685261104919846,4.130324840545654,2.6512669819567236e-05,5.4070896997030106e-11,13,12.999999999999998,1.0221075290201216,0.2773500981126146,estimated-from-weight-moments,present,0.8626444902190222,staterror,,,22.92475552495408,12.558428853750229,15,2.441571146249771
anchor20k,28,SRmm_eMT2d_hghmet_cuts,SR-high,SR_S_high_eMT2d,ismm,17.292379030777738,19.61179542541504,0.00012440560453796934,2.5371728590914127e-10,61,61.0,2.214062257717817,0.12803687993289598,estimated-from-weight-moments,present,1.7197441990652818,staterror,,,130.04899560256587,16.48819413781166,12,-4.488194137811661
anchor20k,29,SRmm_eMT2d_lowmet_V2_cuts,SR-low,SR_S_low_eMT2d,ismm,13.890599549313265,13.152268409729004,9.993237085836881e-05,2.0380568868111348e-10,49,49.0,1.9843713641876093,0.14285714285714285,estimated-from-weight-moments,present,1.45926129805117,staterror,,,81.23350603007913,27.85722064971924,23,-4.857220649719238
anchor20k,30,SRmm_eMT2e_hghmet_cuts,SR-high,SR_S_high_eMT2e,ismm,9.071411950571928,10.40526294708252,6.526195647893474e-05,1.330975926080741e-10,32,32.0,1.603614226296524,0.17677669529663687,estimated-from-weight-moments,present,1.2910035250555296,staterror,,,64.96078478363677,13.498231828212738,9,-4.498231828212738
anchor20k,31,SRmm_eMT2e_lowmet_V2_cuts,SR-low,SR_S_low_eMT2e,ismm,6.520077339473573,9.702143669128418,4.690703121923434e-05,9.566389468705326e-11,23,23.0,1.3595301060471432,0.20851441405707477,estimated-from-weight-moments,present,1.3140420425580996,staterror,,,54.51510858551022,38.538812935352325,37,-1.5388129353523254
anchor20k,32,SRmm_eMT2f_hghmet_cuts,SR-high,SR_S_high_eMT2f,ismm,0.0,0.0,0.0,0.0,0,,0.0,,zero-selected/precision-unresolved,omitted-no-signal-sample,,,,,,12.034919410943985,11,-1.034919410943985
anchor20k,33,SRmm_eMT2f_lowmet_V2_cuts,SR-low,SR_S_low_eMT2f,ismm,0.0,0.0,0.0,0.0,0,,0.0,,zero-selected/precision-unresolved,omitted-no-signal-sample,,,,,,37.51419425010681,44,6.4858057498931885
anchor20k,34,SRmm_eMT2g_hghmet_cuts,SR-high,SR_S_high_eMT2g,ismm,0.0,0.0,0.0,0.0,0,,0.0,,zero-selected/precision-unresolved,omitted-no-signal-sample,,,,,,13.144576514139771,10,-3.1445765141397715
anchor20k,35,SRmm_eMT2g_lowmet_V2_cuts,SR-low,SR_S_low_eMT2g,ismm,0.0,0.0,0.0,0.0,0,,0.0,,zero-selected/precision-unresolved,omitted-no-signal-sample,,,,,,36.41258002258837,41,4.587419977411628
anchor20k,36,SRmm_eMT2h_hghmet_cuts,SR-high,SR_S_high_eMT2h,ismm,0.0,0.0,0.0,0.0,0,,0.0,,zero-selected/precision-unresolved,omitted-no-signal-sample,,,,,,7.461649047210813,8,0.5383509527891874
anchor20k,37,SRmm_eMT2h_lowmet_V2_cuts,SR-low,SR_S_low_eMT2h,ismm,0.0,0.0,0.0,0.0,0,,0.0,,zero-selected/precision-unresolved,omitted-no-signal-sample,,,,,,26.6980830617249,28,1.3019169382750988
