campaign,kind,tag,m_parent,dm,comparison_status,limit_status,historical_only,reference_fb,limit_fb,residual,reported_raw_mu,reported_model_mu,sample_status,bracket_width_over_reported,linear_interpolation_match,first_interval,sr_s_imt2h_events,n_detector_events,detector_exposure_complete,signal_stat_nuisance_present
original,observed,m50_dm2,50.0,2.0,matched,legacy_reported,True,1083.3999999999999,991.416138387357,-0.0849029551528917,0.09609902558989801,0.09234234193201186,sampled_bracket,1.0395526841897713,True,True,7.0,20000,True,False
original,observed,m50_dm5,50.0,5.0,matched,legacy_reported,True,526.9200000000001,989.7770654954294,0.8784199982832863,0.0959401485031872,0.09218967563621798,sampled_bracket,1.0412741856104304,True,True,10.0,20000,True,False
original,observed,m60_dm2,60.0,2.0,matched,legacy_reported,True,707.51,831.919738658896,0.17584166818687508,0.18775976130500407,0.1620459457064022,sampled_bracket,0.5320628834722401,True,False,6.0,20000,True,False
original,observed,m60_dm5,60.0,5.0,quality_flag,unverified,False,,,,1.0,0.8630493806560003,all_below,,,False,31.0,20000,True,False
original,observed,m70_dm2,70.0,2.0,matched,legacy_reported,True,568.9300000000001,488.8700920378915,-0.1407201377359404,0.19917613956597216,0.17768655237690342,sampled_bracket,0.5015661023338119,True,False,8.0,20000,True,False
original,observed,m70_dm5,70.0,5.0,quality_flag,unverified,False,,,,1.0,0.8921076227509128,all_below,,,False,50.0,20000,True,False
original,observed,m90_dm20,90.0,20.0,matched,legacy_reported,True,358.95,283.43197133239477,-0.21038592747626472,0.2865994026800971,0.2675509768084125,sampled_bracket,0.3485701612278258,True,False,26.0,20000,True,False
original,observed,m90_dm40,90.0,40.0,matched,legacy_reported,True,2499.2999999999997,413.33726370184087,-0.834618787779842,0.4179564229310137,0.39017753761113605,sampled_bracket,0.23902013348527737,True,False,19.0,20000,True,False
original,observed,m100_dm2,100.0,2.0,matched,legacy_reported,True,238.13,348.1420828045565,0.46198329821759754,0.5110751762648298,0.4759664933796012,sampled_bracket,0.19547026472722626,True,False,13.0,20000,True,False
original,observed,m100_dm5,100.0,5.0,matched,legacy_reported,True,90.003,103.13478304472902,0.1459038370357546,0.15140263135959503,0.1410019169065049,sampled_bracket,0.6598300115585733,True,False,58.0,20000,True,False
original,observed,m100_dm10,100.0,10.0,matched,legacy_reported,True,96.834,68.49550317404207,-0.29265027599766535,0.10055190994440617,0.09364442297635803,sampled_bracket,0.993516682629235,True,True,68.0,20000,True,False
original,observed,m100_dm20,100.0,20.0,matched,legacy_reported,True,320.95,199.88617325302283,-0.3772046323320678,0.293434394386446,0.2732767041315108,sampled_bracket,0.3404508875276364,True,False,33.0,20000,True,False
original,observed,m100_dm30,100.0,30.0,matched,legacy_reported,True,920.14,270.3865893659021,-0.7061462501729061,0.3969295314907445,0.3696621671261922,sampled_bracket,0.2516819537836011,True,False,25.0,20000,True,False
original,observed,m100_dm40,100.0,40.0,matched,legacy_reported,True,1134.2,548.8420635397085,-0.5160976339801547,0.8057042461097103,0.7503558038654912,sampled_bracket,0.24748535329531854,True,False,12.0,20000,True,False
original,observed,m125_dm2,125.0,2.0,matched,legacy_reported,True,168.15,118.94043868163727,-0.29265275836076554,0.3870894006349844,0.35631119030211295,sampled_bracket,0.25807991599905156,True,False,32.0,20000,True,False
original,observed,m125_dm5,125.0,5.0,matched,legacy_reported,True,76.247,70.50308094903853,-0.07533304983752098,0.22945093905809227,0.21120686094120214,sampled_bracket,0.4353871917460638,True,False,79.0,20000,True,False
original,observed,m125_dm10,125.0,10.0,matched,legacy_reported,True,66.653,57.2576123399797,-0.14095971164119103,0.18634381282044832,0.17152726383768438,sampled_bracket,0.5361058061866465,True,False,112.0,20000,True,False
original,observed,m125_dm20,125.0,20.0,matched,legacy_reported,True,204.88,126.188551279904,-0.3840855560332682,0.4106782455433823,0.37802444153910264,sampled_bracket,0.24325612832941482,True,False,59.0,20000,True,False
original,observed,m125_dm30,125.0,30.0,matched,legacy_reported,True,498.28,235.4755471285443,-0.5274232416943399,0.7663506996654075,0.7054167061632528,sampled_bracket,0.26084663338505115,True,False,32.0,20000,True,False
original,observed,m125_dm40,125.0,40.0,matched,legacy_reported,True,552.63,439.2169094060657,-0.2052242740964737,1.429423096931896,1.315766963077896,sampled_bracket,0.1398466279361681,True,False,26.0,20000,True,False
original,observed,m150_dm2,150.0,2.0,matched,legacy_reported,True,121.06,86.49385960828877,-0.28552899712300706,0.5437647895987441,0.49642789667983805,sampled_bracket,0.36762218485590187,True,False,27.0,20000,True,False
original,observed,m150_dm5,150.0,5.0,matched,legacy_reported,True,51.446,59.81654547834596,0.16270546744831393,0.37605133374623384,0.3433145658310235,sampled_bracket,0.2656552205380936,True,False,94.0,20000,True,False
original,observed,m150_dm10,150.0,10.0,matched,legacy_reported,True,46.633,31.311369949824392,-0.32855767482631637,0.19684658043844633,0.17971030078609224,sampled_bracket,0.5075018310071107,True,False,134.0,20000,True,False
original,observed,m150_dm20,150.0,20.0,matched,legacy_reported,True,128.33,101.8077078959926,-0.20667257931900107,0.6400390399307568,0.5843210896760542,sampled_bracket,0.31232469822719927,True,False,75.0,20000,True,False
original,observed,m150_dm25p7,150.0,25.700000000000003,matched,legacy_reported,True,200.2,131.7015246845447,-0.3421502263509255,0.8279738259369149,0.7558954032664169,sampled_bracket,0.24082886892513028,True,False,51.0,20000,True,False
original,observed,m150_dm30,150.0,30.0,matched,legacy_reported,True,334.09,273.4893639515494,-0.18139015249917856,1.7193577338333648,1.5696807880424803,sampled_bracket,0.2322960441219667,True,False,42.0,20000,True,False
original,observed,m150_dm40,150.0,40.0,matched,legacy_reported,True,545.11,209.51922655093256,-0.6156386297243996,1.3171938292304108,1.2025268547583516,sampled_bracket,0.3035999646564146,True,False,24.0,20000,True,False
original,observed,m175_dm2,175.0,2.0,matched,legacy_reported,True,82.24199999999999,69.26965073692351,-0.1577338739704346,0.7672861505814144,0.6961693341693523,sampled_bracket,0.26052861745064065,True,False,28.0,20000,True,False
original,observed,m175_dm5,175.0,5.0,matched,legacy_reported,True,49.546,32.20709828200977,-0.34995563149376807,0.3567516249800872,0.3236856823729013,sampled_bracket,0.28002675532473353,True,False,130.0,20000,True,False
original,observed,m175_dm10,175.0,10.0,matched,legacy_reported,True,33.589,29.35025714109173,-0.1261943749116755,0.32510696359493624,0.2949740435275738,sampled_bracket,0.30728348262779565,True,False,152.0,20000,True,False
original,observed,m175_dm20,175.0,20.0,matched,legacy_reported,True,85.084,76.68600711886562,-0.09870237507797452,0.8494356558712831,0.770704716251583,sampled_bracket,0.23474408993989232,True,False,79.0,20000,True,False
original,observed,m175_dm30,175.0,30.0,matched,legacy_reported,True,302.47,171.51083784232017,-0.432965788863953,1.899791454858311,1.7237070566009143,sampled_bracket,0.21023360168223715,True,False,39.0,20000,True,False
original,observed,m175_dm40,175.0,40.0,matched,legacy_reported,True,268.23,240.3087789968347,-0.10409432577700228,2.6618525721700537,2.4151356458348814,sampled_bracket,0.15023371473724592,True,False,38.0,20000,True,False
original,observed,m200_dm2,200.0,2.0,matched,legacy_reported,True,79.242,56.97765054840687,-0.280966525978561,1.042898371476718,0.9397799714550246,sampled_bracket,0.19244444663943017,True,False,30.0,20000,True,False
original,observed,m200_dm5,200.0,5.0,matched,legacy_reported,True,38.733,34.27738782017661,-0.11503400665642705,0.6274009474252988,0.5653655817175333,sampled_bracket,0.31861603145538914,True,False,121.0,20000,True,False
original,observed,m200_dm10,200.0,10.0,matched,legacy_reported,True,37.495,32.077850420139946,-0.14447658567435795,0.5871414079317999,0.5290867745865764,sampled_bracket,0.340463127450244,True,False,172.0,20000,True,False
original,observed,m200_dm20,200.0,20.0,matched,legacy_reported,True,78.76700000000001,45.445781921092745,-0.42303525688305077,0.8318232061135574,0.7495752321389809,sampled_bracket,0.23947396338063437,True,False,115.0,20000,True,False
original,observed,m200_dm30,200.0,30.0,matched,legacy_reported,True,147.31,122.90131857896621,-0.1656960248525816,2.249541421323645,2.027114079893475,sampled_bracket,0.177769565036369,True,False,54.0,20000,True,False
original,observed,m200_dm40,200.0,40.0,matched,legacy_reported,True,150.01,133.5033755315833,-0.1100368273342891,2.4435976490509383,2.201982658790567,sampled_bracket,0.3273452158994632,True,False,50.0,20000,True,False
original,observed,m225_dm2,225.0,2.0,matched,legacy_reported,True,53.833,52.32994818452864,-0.02792064004367878,1.5038623736848558,1.3479720039803322,sampled_bracket,0.3995046425211655,True,False,32.0,20000,True,False
original,observed,m225_dm5,225.0,5.0,matched,legacy_reported,True,35.82,26.159181118936477,-0.2697046030447662,0.7517647078963992,0.6738367802512452,sampled_bracket,0.26590766751922096,True,False,152.0,20000,True,False
original,observed,m225_dm10,225.0,10.0,matched,legacy_reported,True,30.735,23.202701956643,-0.2450723293755327,0.6668011655080467,0.5976805584436136,sampled_bracket,0.29978951798575953,True,False,190.0,20000,True,False
original,observed,m225_dm20,225.0,20.0,matched,legacy_reported,True,77.102,45.69299109521336,-0.4073695741327935,1.3131289526008825,1.1770100088247397,sampled_bracket,0.3045397782205076,True,False,127.0,20000,True,False
original,observed,m225_dm30,225.0,30.0,matched,legacy_reported,True,189.95999999999998,103.45922650259956,-0.4553630948483913,2.9732197975651404,2.6650158411621674,sampled_bracket,0.2690349366888591,True,False,61.0,20000,True,False
original,observed,m225_dm40,225.0,40.0,matched,legacy_reported,True,304.34,101.86116617022041,-0.6653047047045395,2.9272946077241566,2.623851256379424,sampled_bracket,0.2732557214737902,True,False,56.0,20000,True,False
original,observed,m250_dm2,250.0,2.0,matched,legacy_reported,True,39.794000000000004,35.56474989190773,-0.1062785874275588,1.5392985260084822,1.3763129482005463,sampled_bracket,0.3903076562789414,True,False,37.0,20000,True,False
original,observed,m250_dm5,250.0,5.0,matched,legacy_reported,True,35.652,23.294198395141652,-0.3466229553701994,1.008209684116165,0.9014573971875641,sampled_bracket,0.19827224747919392,True,False,164.0,20000,True,False
original,observed,m250_dm10,250.0,10.0,matched,legacy_reported,True,22.349999999999998,18.408422898713212,-0.1763569172835251,0.7967456068228256,0.7123837751833939,sampled_bracket,0.2508956413291555,True,False,219.0,20000,True,False
original,observed,m250_dm20,250.0,20.0,matched,legacy_reported,True,61.205000000000005,45.69425882314544,-0.2534227788065446,1.9777196653229412,1.768312732912872,ambiguous_samples,0.20194975405413795,True,False,142.0,20000,True,False
original,observed,m300_dm2,300.0,2.0,matched,legacy_reported,True,53.641,42.912358062663714,-0.2000082387974923,3.8490912370879187,3.430698914220972,sampled_bracket,0.2076334258588906,True,False,25.0,20000,True,False
original,observed,m300_dm5,300.0,5.0,matched,legacy_reported,True,32.372,24.475923218929474,-0.24391686584302874,2.1954063079928128,1.956767863679709,sampled_bracket,0.1821530705018403,True,False,152.0,20000,True,False
original,observed,m300_dm10,300.0,10.0,matched,legacy_reported,True,22.643,15.643458954117207,-0.3091260453951682,1.403164577675027,1.2506420078379372,sampled_bracket,0.2849986426129815,True,False,258.0,20000,True,False
original,expected,m50_dm2,50.0,2.0,matched,legacy_reported,True,1078.7,990.9483727590845,-0.08134942731150052,0.09605368456775713,0.09229877337193149,sampled_bracket,1.040043392916694,True,True,7.0,20000,True,False
original,expected,m50_dm5,50.0,5.0,matched,legacy_reported,True,707.14,993.6909098069241,0.40522514609119,0.09631952161411618,0.09255421837027976,sampled_bracket,1.0371729253414304,True,True,10.0,20000,True,False
original,expected,m60_dm2,60.0,2.0,matched,legacy_reported,True,630.88,750.3560268504622,0.18937995633157212,0.1693512750669093,0.14615851305980002,sampled_bracket,0.5898981271946747,True,False,6.0,20000,True,False
original,expected,m60_dm5,60.0,5.0,quality_flag,unverified,False,,,,1.0,0.8630493806560003,all_below,,,False,31.0,20000,True,False
original,expected,m70_dm2,70.0,2.0,matched,legacy_reported,True,441.85999999999996,480.014382598483,0.08634948309075963,0.1955681339874214,0.1744678230973505,sampled_bracket,0.5108194160426227,True,False,8.0,20000,True,False
original,expected,m70_dm5,70.0,5.0,quality_flag,unverified,False,,,,1.0,0.8921076227509128,all_below,,,False,50.0,20000,True,False
original,expected,m90_dm20,90.0,20.0,matched,legacy_reported,True,396.76,289.01743251247046,-0.2715560225010826,0.2922472829470174,0.27282347866354784,sampled_bracket,0.3418338024997524,True,False,26.0,20000,True,False
original,expected,m90_dm40,90.0,40.0,matched,legacy_reported,True,1342.7,388.0086954248055,-0.7110235380764092,0.3923448008376571,0.36626815592838996,sampled_bracket,0.25462297394208677,True,False,19.0,20000,True,False
original,expected,m100_dm2,100.0,2.0,matched,legacy_reported,True,203.96,282.30864476629745,0.38413730518875,0.4144311978107473,0.3859615436827147,sampled_bracket,0.24105328104574772,True,False,13.0,20000,True,False
original,expected,m100_dm5,100.0,5.0,matched,legacy_reported,True,105.47,119.30544311078853,0.1311789429296344,0.1751412810425165,0.1631098226939151,sampled_bracket,0.5703966500950095,True,False,58.0,20000,True,False
original,expected,m100_dm10,100.0,10.0,matched,legacy_reported,True,122.23,113.97585303637288,-0.06752963236216247,0.1673174030305314,0.15582341170207178,sampled_bracket,0.5970687937450874,True,False,68.0,20000,True,False
original,expected,m100_dm20,100.0,20.0,matched,legacy_reported,True,328.34000000000003,197.39362829944483,-0.3988133389186672,0.2897753197889833,0.2698689923387036,sampled_bracket,0.3447498567950783,True,False,33.0,20000,True,False
original,expected,m100_dm30,100.0,30.0,matched,legacy_reported,True,663.75,304.0985193211924,-0.5418478051658118,0.4464188963079245,0.41575182384513065,sampled_bracket,0.22378084983905416,True,False,25.0,20000,True,False
original,expected,m100_dm40,100.0,40.0,matched,legacy_reported,True,1117.1,448.5154374081015,-0.5985001903069541,0.6584240100600749,0.6131930913092075,sampled_bracket,0.30360375221092106,True,False,12.0,20000,True,False
original,expected,m125_dm2,125.0,2.0,matched,legacy_reported,True,168.04,110.36414508567388,-0.34322693950444005,0.35917801587359915,0.33061909253091243,sampled_bracket,0.2781350627961498,True,False,32.0,20000,True,False
original,expected,m125_dm5,125.0,5.0,matched,legacy_reported,True,80.829,66.80106745490056,-0.17355073729848736,0.2174028063920932,0.20011669808968044,sampled_bracket,0.45951568729902703,True,False,79.0,20000,True,False
original,expected,m125_dm10,125.0,10.0,matched,legacy_reported,True,80.844,59.17683136258972,-0.26801208051816183,0.19258987470977673,0.17727668953323808,sampled_bracket,0.5187188586655673,True,False,112.0,20000,True,False
original,expected,m125_dm20,125.0,20.0,matched,legacy_reported,True,195.14999999999998,114.15712350174475,-0.41502883165900706,0.37152219215184745,0.3419817600071766,sampled_bracket,0.26889376223094946,True,False,59.0,20000,True,False
original,expected,m125_dm30,125.0,30.0,matched,legacy_reported,True,450.15,195.7055502818328,-0.5652436959195095,0.6369199996168339,0.58627728586321,sampled_bracket,0.3138541733973784,True,False,32.0,20000,True,False
original,expected,m125_dm40,125.0,40.0,matched,legacy_reported,True,552.63,313.2891224918458,-0.4330942538554806,1.0195935040682789,0.9385236962389638,sampled_bracket,0.196058526464105,True,False,26.0,20000,True,False
original,expected,m150_dm2,150.0,2.0,matched,legacy_reported,True,126.6,94.74919550751996,-0.25158613343191183,0.5956639765311101,0.5438090524682446,sampled_bracket,0.33559189052212185,True,False,27.0,20000,True,False
original,expected,m150_dm5,150.0,5.0,matched,legacy_reported,True,50.94,54.82550965463133,0.07627620052279815,0.344673967111737,0.314668724063281,sampled_bracket,0.289839121988619,True,False,94.0,20000,True,False
original,expected,m150_dm10,150.0,10.0,matched,legacy_reported,True,56.526,44.46306874471999,-0.21340500398542284,0.2795279495027901,0.2551939270236606,sampled_bracket,0.35738823318990814,True,False,134.0,20000,True,False
original,expected,m150_dm20,150.0,20.0,matched,legacy_reported,True,139.16,92.16388488370802,-0.33771281342549564,0.5794107893826692,0.5289707700623568,sampled_bracket,0.3450056568897909,True,False,75.0,20000,True,False
original,expected,m150_dm25p7,150.0,25.700000000000003,matched,legacy_reported,True,174.35,139.8894793763376,-0.19765139445748436,0.8794494044391391,0.8028898274274476,sampled_bracket,0.2267327705192608,True,False,51.0,20000,True,False
original,expected,m150_dm30,150.0,30.0,matched,legacy_reported,True,277.72,206.86425231854537,-0.25513375947520756,1.3005026847792067,1.1872887409790374,sampled_bracket,0.307496481691534,True,False,42.0,20000,True,False
original,expected,m150_dm40,150.0,40.0,matched,legacy_reported,True,455.66,257.53901627841515,-0.4348000345028856,1.6190819745391465,1.4781344333931916,sampled_bracket,0.24668300078733488,True,False,24.0,20000,True,False
original,expected,m175_dm2,175.0,2.0,matched,legacy_reported,True,102.28,85.8702257438727,-0.16043971701336823,0.951167419781037,0.863007352355807,sampled_bracket,0.20963712155521758,True,False,28.0,20000,True,False
original,expected,m175_dm5,175.0,5.0,matched,legacy_reported,True,49.037,38.321457912889144,-0.21851952784858075,0.42447917109209743,0.38513582147158604,sampled_bracket,0.23534723681017805,True,False,130.0,20000,True,False
original,expected,m175_dm10,175.0,10.0,matched,legacy_reported,True,40.709,36.56180253116637,-0.10187421623802184,0.4049878182437967,0.3674510475131622,sampled_bracket,0.2466740862310619,True,False,152.0,20000,True,False
original,expected,m175_dm20,175.0,20.0,matched,legacy_reported,True,89.132,79.24762391050233,-0.1108959306365579,0.8778101758292993,0.7964493105617746,sampled_bracket,0.2271561728156312,True,False,79.0,20000,True,False
original,expected,m175_dm30,175.0,30.0,matched,legacy_reported,True,212.5,172.90599791382877,-0.18632471569962927,1.9152453656161161,1.7377286035223873,sampled_bracket,0.2085372491537223,True,False,39.0,20000,True,False
original,expected,m175_dm40,175.0,40.0,matched,legacy_reported,True,332.21,187.8085645465979,-0.4346691413666117,2.0803181336147194,1.8875014084922144,sampled_bracket,0.19223021399382864,True,False,38.0,20000,True,False
original,expected,m200_dm2,200.0,2.0,matched,legacy_reported,True,111.42,75.8820730434469,-0.31895464868563195,1.3889181045479393,1.2515863983920017,sampled_bracket,0.2879219434828797,True,False,30.0,20000,True,False
original,expected,m200_dm5,200.0,5.0,matched,legacy_reported,True,39.230000000000004,37.28210804807855,-0.04965312138469169,0.6823982630790891,0.6149249416214487,sampled_bracket,0.29293743963828317,True,False,121.0,20000,True,False
original,expected,m200_dm10,200.0,10.0,matched,legacy_reported,True,39.374,35.077353599109905,-0.10912394983720464,0.6420432326030259,0.5785600853457976,sampled_bracket,0.3113497500620768,True,False,172.0,20000,True,False
original,expected,m200_dm20,200.0,20.0,matched,legacy_reported,True,78.862,58.681205717313894,-0.25590010756366943,1.0740796310455816,0.967878129462564,sampled_bracket,0.18685765393821402,True,False,115.0,20000,True,False
original,expected,m200_dm30,200.0,30.0,matched,legacy_reported,True,117.41,115.71624121433267,-0.01442601810465316,2.118028355930673,1.908604598796132,sampled_bracket,0.18880767053011502,True,False,54.0,20000,True,False
original,expected,m200_dm40,200.0,40.0,matched,legacy_reported,True,170.58,135.42104563347834,-0.2061141655910521,2.4786979911508085,2.233612393191216,sampled_bracket,0.32270974634897853,True,False,50.0,20000,True,False
original,expected,m225_dm2,225.0,2.0,matched,legacy_reported,True,85.545,74.45951835877713,-0.12958655258896334,2.139823789383527,1.9180096609987733,sampled_bracket,0.1872584097756196,True,False,32.0,20000,True,False
original,expected,m225_dm5,225.0,5.0,matched,legacy_reported,True,40.007,26.199369127963543,-0.345130373985464,0.7529196342195821,0.6748719869148018,sampled_bracket,0.26549978366177257,True,False,152.0,20000,True,False
original,expected,m225_dm10,225.0,10.0,matched,legacy_reported,True,35.812999999999995,27.839410481061012,-0.22264511543123966,0.8000512781018452,0.7171179647160757,sampled_bracket,0.24985898463192385,True,False,190.0,20000,True,False
original,expected,m225_dm20,225.0,20.0,matched,legacy_reported,True,68.232,48.02113283546301,-0.29620804262716893,1.380035282250216,1.236980828518431,sampled_bracket,0.2897752000571633,True,False,127.0,20000,True,False
original,expected,m225_dm30,225.0,30.0,matched,legacy_reported,True,134.47,107.36871147431712,-0.20154152246361923,3.0855708996285407,2.765720628280897,sampled_bracket,0.2592388980905598,True,False,61.0,20000,True,False
original,expected,m225_dm40,225.0,40.0,matched,legacy_reported,True,247.29000000000002,120.97609214354264,-0.5107926234641812,3.476620929349476,3.116234412948509,sampled_bracket,0.22993591082982381,True,False,56.0,20000,True,False
original,expected,m250_dm2,250.0,2.0,matched,legacy_reported,True,68.85,56.14585960830424,-0.1845191051807662,2.43008144860332,2.1727770840964604,sampled_bracket,0.329165921767659,True,False,37.0,20000,True,False
original,expected,m250_dm5,250.0,5.0,matched,legacy_reported,True,32.089,23.25493231289639,-0.27529894004498767,1.0065101860821295,0.8999378471391731,sampled_bracket,0.19860703126921828,True,False,164.0,20000,True,False
original,expected,m250_dm10,250.0,10.0,matched,legacy_reported,True,27.233,20.976727021909635,-0.22973131781626577,0.9079058641898342,0.8117740487102824,sampled_bracket,0.21962629372146816,True,False,219.0,20000,True,False
original,expected,m250_dm20,250.0,20.0,matched,legacy_reported,True,60.28,45.076410823203396,-0.2522161442733345,1.9509782284086197,1.744402760118897,sampled_bracket,0.20471781498340136,True,False,142.0,20000,True,False
original,expected,m300_dm2,300.0,2.0,matched,legacy_reported,True,78.499,69.804164266322,-0.11076364964748586,6.261193957167211,5.580608509252081,sampled_bracket,0.25552634384829886,True,False,25.0,20000,True,False
original,expected,m300_dm5,300.0,5.0,matched,legacy_reported,True,28.293,23.175652127066943,-0.1808697512788695,2.078776453762515,1.8528155565953102,sampled_bracket,0.19237277739806713,True,False,152.0,20000,True,False
original,expected,m300_dm10,300.0,10.0,matched,legacy_reported,True,26.811,17.53618642526619,-0.3459331459003323,1.572935735735291,1.4019592127956542,sampled_bracket,0.2542379773786888,True,False,258.0,20000,True,False
pdf_rescan,observed,m50_dm2,50.0,2.0,matched,legacy_reported,True,1083.3999999999999,935.4876101839313,-0.1365261120694744,0.09067781359332024,0.08713305485754924,sampled_bracket,0.1379792019224785,True,False,13.0,20000,True,False
pdf_rescan,observed,m50_dm5,50.0,5.0,matched,legacy_reported,True,526.9200000000001,422.823705520349,-0.19755616503387818,0.04098475354951281,0.039382585859082754,sampled_bracket,0.5103480609314839,True,False,54.0,20000,True,False
pdf_rescan,observed,m60_dm2,60.0,2.0,matched,legacy_reported,True,707.51,553.4223502488279,-0.2177886528122176,0.12490441511952113,0.10779867811010269,sampled_bracket,0.19294754294264688,True,False,32.0,20000,True,False
pdf_rescan,observed,m60_dm5,60.0,5.0,matched,legacy_reported,True,286.21000000000004,258.8525964176923,-0.09558507243739811,0.05842162345482503,0.0504207459396048,sampled_bracket,0.1384862199224631,True,False,58.0,20000,True,False
pdf_rescan,observed,m70_dm2,70.0,2.0,matched,legacy_reported,True,568.9300000000001,488.3312872135248,-0.14166718715215454,0.19895661894762234,0.17749071635992258,sampled_bracket,0.12074644628780888,True,False,33.0,20000,True,False
pdf_rescan,observed,m70_dm5,70.0,5.0,matched,legacy_reported,True,183.73999999999998,151.51936141746026,-0.17535995745368305,0.06173223105309521,0.05507179389188684,sampled_bracket,0.13105941022986195,True,False,90.0,20000,True,False
pdf_rescan,observed,m90_dm20,90.0,20.0,matched,legacy_reported,True,358.95,189.07020168094957,-0.4732686956931339,0.19118311392901177,0.1784763973778279,sampled_bracket,0.125655996545193,True,False,78.0,20000,True,False
pdf_rescan,observed,m90_dm40,90.0,40.0,matched,legacy_reported,True,2499.2999999999997,924.9080670983658,-0.629933154443898,0.9352441727666795,0.8730844853064927,sampled_bracket,0.20074715150414815,True,False,38.0,20000,True,False
pdf_rescan,observed,m100_dm2,100.0,2.0,matched,legacy_reported,True,238.13,191.2719554152899,-0.19677505809730012,0.28078865829979616,0.26149967613074626,sampled_bracket,0.18056284861003172,True,False,51.0,20000,True,False
pdf_rescan,observed,m100_dm5,100.0,5.0,matched,legacy_reported,True,90.003,80.2370047662893,-0.10850744123763312,0.117788521926303,0.10969695329631445,sampled_bracket,0.20460397673619404,True,False,134.0,20000,True,False
pdf_rescan,observed,m100_dm10,100.0,10.0,matched,legacy_reported,True,96.834,84.96809834617036,-0.12253858824203934,0.12473380261683224,0.11616512285204982,sampled_bracket,0.19321145907843748,True,False,155.0,20000,True,False
pdf_rescan,observed,m100_dm20,100.0,20.0,matched,legacy_reported,True,320.95,189.07606579851833,-0.4108862258964999,0.2775650759511501,0.2584975401283308,sampled_bracket,0.18265986751489924,True,False,88.0,20000,True,False
pdf_rescan,observed,m100_dm30,100.0,30.0,matched,legacy_reported,True,920.14,525.9143581219827,-0.42844093494252755,0.7720462034125548,0.7190099250191184,sampled_bracket,0.18243214459315152,True,False,47.0,20000,True,False
pdf_rescan,observed,m100_dm40,100.0,40.0,matched,legacy_reported,True,1134.2,519.1845614013885,-0.5422460223934152,0.7621668115921324,0.7098092052427133,sampled_bracket,0.18479687447860893,True,False,41.0,20000,True,False
pdf_rescan,observed,m125_dm2,125.0,2.0,matched,legacy_reported,True,168.15,121.7249219782922,-0.2760932383092941,0.3961514486846414,0.36465269777261333,sampled_bracket,0.17852521438859073,True,False,54.0,20000,True,False
pdf_rescan,observed,m125_dm5,125.0,5.0,matched,legacy_reported,True,76.247,74.68228997563638,-0.020521594611769944,0.24305209552905652,0.22372656373777766,sampled_bracket,0.20242573878207196,True,False,149.0,20000,True,False
pdf_rescan,observed,m125_dm10,125.0,10.0,matched,legacy_reported,True,66.653,56.81420063455037,-0.1476122509931982,0.1849007378394606,0.17019893047767123,sampled_bracket,0.1299254128678561,True,False,208.0,20000,True,False
pdf_rescan,observed,m125_dm20,125.0,20.0,matched,legacy_reported,True,204.88,116.25188315092706,-0.4325854980919218,0.3783395476792364,0.34825705470316143,sampled_bracket,0.12435022903451069,True,False,106.0,20000,True,False
pdf_rescan,observed,m125_dm30,125.0,30.0,matched,legacy_reported,True,498.28,227.98907452145576,-0.5424478716355146,0.7419861166315,0.6829893972062386,sampled_bracket,0.18982301886317188,True,False,63.0,20000,True,False
pdf_rescan,observed,m125_dm40,125.0,40.0,matched,legacy_reported,True,552.63,330.00345297579594,-0.4028491884700506,1.0739899754514481,0.9885950013043503,sampled_bracket,0.18687325262569263,True,False,54.0,20000,True,False
pdf_rescan,observed,m150_dm2,150.0,2.0,matched,legacy_reported,True,121.06,83.29671868251276,-0.3119385537542313,0.5236651817110238,0.4780780397956631,sampled_bracket,0.06852991667479255,True,False,54.0,20000,True,False
pdf_rescan,observed,m150_dm5,150.0,5.0,matched,legacy_reported,True,51.446,53.04638892234766,0.031108131290045193,0.3334890897685101,0.304457534886767,sampled_bracket,0.21206997313126033,True,False,200.0,20000,True,False
pdf_rescan,observed,m150_dm10,150.0,10.0,matched,legacy_reported,True,46.633,44.637077490933194,-0.042800645660086345,0.2806218980177653,0.25619264295884636,sampled_bracket,0.18067014854553637,True,False,233.0,20000,True,False
pdf_rescan,observed,m150_dm20,150.0,20.0,matched,legacy_reported,True,128.33,126.93567166258202,-0.010865178348149263,0.7980121260257027,0.7285419887894492,sampled_bracket,0.17649612082337762,True,False,130.0,20000,True,False
pdf_rescan,observed,m150_dm25p7,150.0,25.700000000000003,matched,legacy_reported,True,200.2,176.7143716406687,-0.11731083096569073,1.110958090544661,1.0142447593848563,sampled_bracket,0.17993478034981206,True,False,109.0,20000,True,False
pdf_rescan,observed,m150_dm30,150.0,30.0,matched,legacy_reported,True,334.09,245.1147780623042,-0.2663211168777748,1.5409739642121243,1.406826036780929,sampled_bracket,0.2595111982988387,True,False,74.0,20000,True,False
pdf_rescan,observed,m150_dm40,150.0,40.0,matched,legacy_reported,True,545.11,309.3258692815182,-0.43254413002601644,1.9446526838905749,1.7753629144486809,sampled_bracket,0.20528087267559758,True,False,48.0,20000,True,False
pdf_rescan,observed,m175_dm2,175.0,2.0,matched,legacy_reported,True,82.24199999999999,85.70235586305341,0.0420752883326454,0.9493079584833097,0.8613202374084414,sampled_bracket,0.13636189978928928,True,False,55.0,20000,True,False
pdf_rescan,observed,m175_dm5,175.0,5.0,matched,legacy_reported,True,49.546,34.26034975535049,-0.3085143148720282,0.37949508336907906,0.34432113665729713,sampled_bracket,0.18636083945781853,True,False,229.0,20000,True,False
pdf_rescan,observed,m175_dm10,175.0,10.0,matched,legacy_reported,True,33.589,41.06445949897972,0.22255677450890832,0.45486285435944046,0.4127033574342911,sampled_bracket,0.14229501866686017,True,False,265.0,20000,True,False
pdf_rescan,observed,m175_dm20,175.0,20.0,matched,legacy_reported,True,85.084,74.848601210166,-0.12029757404252273,0.829083075892268,0.7522385390087343,sampled_bracket,0.08437099408987754,True,False,159.0,20000,True,False
pdf_rescan,observed,m175_dm30,175.0,30.0,matched,legacy_reported,True,302.47,247.58163985695387,-0.18146712117911246,2.7424126060912375,2.4882288785656863,sampled_bracket,0.145820508231246,True,False,103.0,20000,True,False
pdf_rescan,observed,m175_dm40,175.0,40.0,matched,legacy_reported,True,268.23,292.33006619449264,0.08984851133166538,3.2380820287581,2.937956599683315,sampled_bracket,0.2468745365004215,True,False,65.0,20000,True,False
pdf_rescan,observed,m200_dm2,200.0,2.0,matched,legacy_reported,True,79.242,101.82971266441652,0.2850472308171994,1.8638543443527698,1.6795624870445711,sampled_bracket,0.21417982644916594,True,False,42.0,20000,True,False
pdf_rescan,observed,m200_dm5,200.0,5.0,matched,legacy_reported,True,38.733,47.45604135892081,0.2252095463537762,0.8686182700338477,0.782732119776779,sampled_bracket,0.21614512395237587,True,False,200.0,20000,True,False
pdf_rescan,observed,m200_dm10,200.0,10.0,matched,legacy_reported,True,37.495,26.800653294435758,-0.28522060822947704,0.4905494945168584,0.4420455555046589,sampled_bracket,0.13194329843451408,True,False,346.0,20000,True,False
pdf_rescan,observed,m200_dm20,200.0,20.0,matched,legacy_reported,True,78.76700000000001,66.31525442532308,-0.1580832782088556,1.213810506024233,1.0937928698536934,sampled_bracket,0.32945834462238244,True,False,178.0,20000,True,False
pdf_rescan,observed,m200_dm30,200.0,30.0,matched,legacy_reported,True,147.31,124.4835867135052,-0.15495494729817938,2.2785026867473275,2.0532117495586704,sampled_bracket,0.17586110489604828,True,False,107.0,20000,True,False
pdf_rescan,observed,m200_dm40,200.0,40.0,matched,legacy_reported,True,150.01,303.39599963123896,1.0225051638640021,5.553250983193043,5.004163582188748,sampled_bracket,0.14404175183525894,True,False,77.0,20000,True,False
pdf_rescan,observed,m225_dm2,225.0,2.0,matched,legacy_reported,True,53.833,78.28663093406627,0.4542498269475279,2.249807666713928,2.0165926098941065,sampled_bracket,0.17810411348862656,True,False,57.0,20000,True,False
pdf_rescan,observed,m225_dm5,225.0,5.0,matched,legacy_reported,True,35.82,32.33907252780443,-0.09717832139016103,0.9293629376993956,0.8330251780195319,sampled_bracket,0.13928835705921658,True,False,245.0,20000,True,False
pdf_rescan,observed,m225_dm10,225.0,10.0,matched,legacy_reported,True,30.735,27.809207565417548,-0.09519415762428673,0.7991833042171469,0.7163399650019845,sampled_bracket,0.17623747126639605,True,False,342.0,20000,True,False
pdf_rescan,observed,m225_dm20,225.0,20.0,matched,legacy_reported,True,77.102,55.864220632612884,-0.27545043406639413,1.605430587249347,1.4390116567936155,sampled_bracket,0.24878060949636513,True,False,219.0,20000,True,False
pdf_rescan,observed,m225_dm30,225.0,30.0,matched,legacy_reported,True,189.95999999999998,110.25555356975248,-0.41958542024767065,3.168533206237098,2.8400830624044087,ambiguous_samples,0.2524511967952355,True,False,124.0,20000,True,False
pdf_rescan,observed,m225_dm40,225.0,40.0,matched,legacy_reported,True,304.34,216.422881619533,-0.2888779601119372,6.219578649770053,5.574857143277867,sampled_bracket,0.2572360749966801,True,False,62.0,20000,True,False
pdf_rescan,observed,m250_dm2,250.0,2.0,quality_flag,unverified,False,,,,128.0,114.44697334082885,all_above,,,False,0.0,233,False,False
pdf_rescan,observed,m250_dm5,250.0,5.0,matched,legacy_reported,True,35.652,10.013369013112925,-0.7191358405387377,0.4333944202928553,0.3875053098853155,sampled_bracket,0.07954712851348265,True,False,3.0,221,False,False
pdf_rescan,observed,m250_dm10,250.0,10.0,matched,legacy_reported,True,22.349999999999998,21.30683669154671,-0.04667397353258562,0.9221935318787083,0.8245488949844323,sampled_bracket,0.20358807251801223,True,False,3.0,206,False,False
pdf_rescan,observed,m250_dm20,250.0,20.0,quality_flag,unverified,False,,,,128.0,114.44697334082885,all_above,,,False,0.0,230,False,False
pdf_rescan,observed,m300_dm2,300.0,2.0,matched,legacy_reported,True,53.641,53.66661390730234,0.000477506148325757,4.813711076262298,4.290465552903006,sampled_bracket,0.3323631133346445,True,False,50.0,20000,True,False
pdf_rescan,observed,m300_dm5,300.0,5.0,matched,legacy_reported,True,32.372,24.627830214748318,-0.23922432303384655,2.2090318441519967,1.9689123178450398,sampled_bracket,0.1813916811841254,True,False,244.0,20000,True,False
pdf_rescan,observed,m300_dm10,300.0,10.0,matched,legacy_reported,True,22.643,19.437511512123603,-0.1415664217584418,1.743478070416398,1.5539637682558236,sampled_bracket,0.22908231928871384,True,False,384.0,20000,True,False
pdf_rescan,expected,m50_dm2,50.0,2.0,matched,legacy_reported,True,1078.7,1283.1237516854685,0.18950936468477653,0.12437455622701436,0.11951253124843869,sampled_bracket,0.19376953559545984,True,False,13.0,20000,True,False
pdf_rescan,expected,m50_dm5,50.0,5.0,matched,legacy_reported,True,707.14,527.2870658747182,-0.2543385102317529,0.05111049868437664,0.04911249741458861,sampled_bracket,0.40924056779243134,True,False,54.0,20000,True,False
pdf_rescan,expected,m60_dm2,60.0,2.0,matched,legacy_reported,True,630.88,449.68200272935366,-0.28721467992430627,0.10149078279081264,0.0875915572299035,sampled_bracket,0.2374599873731748,True,False,32.0,20000,True,False
pdf_rescan,expected,m60_dm5,60.0,5.0,matched,legacy_reported,True,357.53000000000003,366.0260549646724,0.02376319459813825,0.08261009027429488,0.07129658724716646,sampled_bracket,0.2231053799299511,True,False,58.0,20000,True,False
pdf_rescan,expected,m70_dm2,70.0,2.0,matched,legacy_reported,True,441.85999999999996,396.3558646462464,-0.10298315157233862,0.16148386309640206,0.1440609852195651,sampled_bracket,0.3206307695631941,True,False,33.0,20000,True,False
pdf_rescan,expected,m70_dm5,70.0,5.0,matched,legacy_reported,True,238.41000000000003,192.9122259916734,-0.19083836251972075,0.07859657007842026,0.07011659928903502,sampled_bracket,0.25407272102817513,True,False,90.0,20000,True,False
pdf_rescan,expected,m90_dm20,90.0,20.0,matched,legacy_reported,True,396.76,219.85098329964123,-0.4458842038016906,0.2223078793691033,0.20753249909526358,sampled_bracket,0.22131469266688455,True,False,78.0,20000,True,False
pdf_rescan,expected,m90_dm40,90.0,40.0,matched,legacy_reported,True,1342.7,606.9174073166083,-0.5479873334947432,0.6136998786530771,0.5729111800840386,sampled_bracket,0.09622611546877971,True,False,38.0,20000,True,False
pdf_rescan,expected,m100_dm2,100.0,2.0,matched,legacy_reported,True,203.96,157.50588546474796,-0.22776090672314198,0.2312198155654586,0.21533600128827635,sampled_bracket,0.2127845309437649,True,False,51.0,20000,True,False
pdf_rescan,expected,m100_dm5,100.0,5.0,matched,legacy_reported,True,105.47,106.62538807572966,0.010954660810938321,0.15652686560073686,0.1457741381300772,sampled_bracket,0.33078471927437053,True,False,134.0,20000,True,False
pdf_rescan,expected,m100_dm10,100.0,10.0,matched,legacy_reported,True,122.23,115.61107485940764,-0.05415139606146091,0.1697179208728652,0.158059024216186,sampled_bracket,0.3050750034548356,True,False,155.0,20000,True,False
pdf_rescan,expected,m100_dm20,100.0,20.0,matched,legacy_reported,True,328.34000000000003,206.7972914806937,-0.37017332192028485,0.3035799675327319,0.2827253197129917,sampled_bracket,0.09610969370064817,True,False,88.0,20000,True,False
pdf_rescan,expected,m100_dm30,100.0,30.0,matched,legacy_reported,True,663.75,456.22018735790544,-0.3126626179165266,0.6697346404985187,0.6237267297203776,sampled_bracket,0.21030126873639648,True,False,47.0,20000,True,False
pdf_rescan,expected,m100_dm40,100.0,40.0,matched,legacy_reported,True,1117.1,425.10911494496645,-0.6194529451750368,0.6240633539676204,0.5811928656084128,sampled_bracket,0.09462814153562862,True,False,41.0,20000,True,False
pdf_rescan,expected,m125_dm2,125.0,2.0,matched,legacy_reported,True,168.04,132.96789845632426,-0.20871281566100763,0.4327415022818336,0.3983334070068288,sampled_bracket,0.08012931846199252,True,False,54.0,20000,True,False
pdf_rescan,expected,m125_dm5,125.0,5.0,matched,legacy_reported,True,80.829,77.03361072078111,-0.04695578665106437,0.25070442427466416,0.2307704413522455,sampled_bracket,0.20223017661808249,True,False,149.0,20000,True,False
pdf_rescan,expected,m125_dm10,125.0,10.0,matched,legacy_reported,True,80.844,71.23315329923552,-0.11888138514626279,0.23182694566770598,0.21339394677162887,sampled_bracket,0.2122272708993966,True,False,208.0,20000,True,False
pdf_rescan,expected,m125_dm20,125.0,20.0,matched,legacy_reported,True,195.14999999999998,148.24489719334784,-0.2403541009820761,0.48246020476992896,0.44409888142888615,sampled_bracket,0.1341555587632418,True,False,106.0,20000,True,False
pdf_rescan,expected,m125_dm30,125.0,30.0,matched,legacy_reported,True,450.15,260.4895441854621,-0.42132723717547016,0.8477582784129915,0.7803514143613648,sampled_bracket,0.22146360398299966,True,False,63.0,20000,True,False
pdf_rescan,expected,m125_dm40,125.0,40.0,matched,legacy_reported,True,552.63,377.6921865070011,-0.3165550431445975,1.2291920537710537,1.131456668848606,sampled_bracket,0.3253356534262827,True,False,54.0,20000,True,False
pdf_rescan,expected,m150_dm2,150.0,2.0,matched,legacy_reported,True,126.6,103.09875753871624,-0.18563382670840245,0.6481555390731986,0.5917310152077521,sampled_bracket,0.09111077793285341,True,False,54.0,20000,True,False
pdf_rescan,expected,m150_dm5,150.0,5.0,matched,legacy_reported,True,50.94,53.67680698482717,0.05372608921922195,0.33745236700756354,0.3080757930406174,sampled_bracket,0.2095792746512021,True,False,200.0,20000,True,False
pdf_rescan,expected,m150_dm10,150.0,10.0,matched,legacy_reported,True,56.526,54.7237291039115,-0.03188392768086368,0.344034098802032,0.3140845588410839,sampled_bracket,0.20556980413581807,True,False,233.0,20000,True,False
pdf_rescan,expected,m150_dm20,150.0,20.0,matched,legacy_reported,True,139.16,125.41189269498365,-0.09879352763018356,0.7884325170978139,0.7197963230125304,sampled_bracket,0.17864058313069214,True,False,130.0,20000,True,False
pdf_rescan,expected,m150_dm25p7,150.0,25.700000000000003,matched,legacy_reported,True,174.35,154.6896133317171,-0.11276390403374181,0.9724940640569062,0.8878345784574365,sampled_bracket,0.13311077310215957,True,False,109.0,20000,True,False
pdf_rescan,expected,m150_dm30,150.0,30.0,matched,legacy_reported,True,277.72,226.8745101919372,-0.1830818443326474,1.4263020618866515,1.3021367807485231,sampled_bracket,0.28037539220200625,True,False,74.0,20000,True,False
pdf_rescan,expected,m150_dm40,150.0,40.0,matched,legacy_reported,True,455.66,380.56255538316407,-0.16481026339120386,2.39249952302112,2.184222900672408,sampled_bracket,0.1674817470784768,True,False,48.0,20000,True,False
pdf_rescan,expected,m175_dm2,175.0,2.0,matched,legacy_reported,True,102.28,110.22472754070488,0.07767625675307865,1.220937394571146,1.10777338076151,sampled_bracket,0.32753522152580555,True,False,55.0,20000,True,False
pdf_rescan,expected,m175_dm5,175.0,5.0,matched,legacy_reported,True,49.037,42.47838984907988,-0.13374819321981601,0.47052467976172,0.42691354818766203,sampled_bracket,0.1375586045448569,True,False,229.0,20000,True,False
pdf_rescan,expected,m175_dm10,175.0,10.0,matched,legacy_reported,True,40.709,46.500226125738436,0.14225911041141837,0.5150737606673802,0.46733354530144977,sampled_bracket,0.06870225969635124,True,False,265.0,20000,True,False
pdf_rescan,expected,m175_dm20,175.0,20.0,matched,legacy_reported,True,89.132,88.30877843139939,-0.009235982235343276,0.9781787831226594,0.887515135818723,sampled_bracket,0.1323371953444256,True,False,159.0,20000,True,False
pdf_rescan,expected,m175_dm30,175.0,30.0,matched,legacy_reported,True,212.5,177.2092605421313,-0.16607406803702918,1.962911750272089,1.780976973433748,sampled_bracket,0.20347323303996584,True,False,103.0,20000,True,False
pdf_rescan,expected,m175_dm40,175.0,40.0,matched,legacy_reported,True,332.21,272.25745118192503,-0.18046581625500424,3.0157416626490194,2.7362241110728553,sampled_bracket,0.2652415523209538,True,False,65.0,20000,True,False
pdf_rescan,expected,m200_dm2,200.0,2.0,matched,legacy_reported,True,111.42,134.92322205589105,0.21094257813580186,2.4695860078845375,2.2254013732029985,sampled_bracket,0.32390044219808295,True,False,42.0,20000,True,False
pdf_rescan,expected,m200_dm5,200.0,5.0,matched,legacy_reported,True,39.230000000000004,45.25459934244481,0.1535712297334899,0.8283238691277817,0.7464218982163789,sampled_bracket,0.2266596564957871,True,False,200.0,20000,True,False
pdf_rescan,expected,m200_dm10,200.0,10.0,matched,legacy_reported,True,39.374,32.4556909043489,-0.17570755055750253,0.5940572639186087,0.5353188132200889,sampled_bracket,0.1091027290943682,True,False,346.0,20000,True,False
pdf_rescan,expected,m200_dm20,200.0,20.0,matched,legacy_reported,True,78.862,78.95946673957616,0.0012359151375334054,1.4452456091606347,1.3023444224956315,sampled_bracket,0.276700373601033,True,False,178.0,20000,True,False
pdf_rescan,expected,m200_dm30,200.0,30.0,matched,legacy_reported,True,117.41,141.48895524389866,0.2050843645677427,2.589762820782542,2.3336954935926224,sampled_bracket,0.30886998360656687,True,False,107.0,20000,True,False
pdf_rescan,expected,m200_dm40,200.0,40.0,matched,legacy_reported,True,170.58,220.70196065310472,0.2938325750563062,4.039649110334847,3.640221741091816,sampled_bracket,0.19801224763645284,True,False,77.0,20000,True,False
pdf_rescan,expected,m225_dm2,225.0,2.0,matched,legacy_reported,True,85.545,103.5547471414304,0.2105295124370845,2.975964877574421,2.667476366184899,sampled_bracket,0.2687867743425667,True,False,57.0,20000,True,False
pdf_rescan,expected,m225_dm5,225.0,5.0,matched,legacy_reported,True,40.007,33.962752541449746,-0.1510797475079424,0.9760243880569409,0.8748497025556248,sampled_bracket,0.13262930546395715,True,False,245.0,20000,True,False
pdf_rescan,expected,m225_dm10,225.0,10.0,matched,legacy_reported,True,35.812999999999995,30.462636495597938,-0.1493972441404534,0.8754377640013228,0.784689887685304,sampled_bracket,0.21446139447495963,True,False,342.0,20000,True,False
pdf_rescan,expected,m225_dm20,225.0,20.0,matched,legacy_reported,True,68.232,64.1635162190029,-0.059627209828190586,1.843936429381076,1.6527939839566832,sampled_bracket,0.21660182728428443,True,False,219.0,20000,True,False
pdf_rescan,expected,m225_dm30,225.0,30.0,matched,legacy_reported,True,134.47,110.98247458194723,-0.1746674010415168,3.1894235223334517,2.858807888389107,sampled_bracket,0.2507976737485073,True,False,124.0,20000,True,False
pdf_rescan,expected,m225_dm40,225.0,40.0,matched,legacy_reported,True,247.29000000000002,215.25160664246687,-0.12955798195451962,6.185918452725006,5.544686162170061,sampled_bracket,0.25863580521259794,True,False,62.0,20000,True,False
pdf_rescan,expected,m250_dm2,250.0,2.0,quality_flag,unverified,False,,,,128.0,114.44697334082885,all_above,,,False,0.0,233,False,False
pdf_rescan,expected,m250_dm5,250.0,5.0,matched,legacy_reported,True,32.089,12.085902900036638,-0.6233630558747035,0.5230969590971616,0.46770987290985544,sampled_bracket,0.068604358415857,True,False,3.0,221,False,False
pdf_rescan,expected,m250_dm10,250.0,10.0,matched,legacy_reported,True,27.233,13.725851175676384,-0.4959846078039003,0.5940765096660466,0.531173894251271,sampled_bracket,0.10909919459412323,True,False,3.0,206,False,False
pdf_rescan,expected,m250_dm20,250.0,20.0,quality_flag,unverified,False,,,,128.0,114.44697334082885,all_above,,,False,0.0,230,False,False
pdf_rescan,expected,m300_dm2,300.0,2.0,matched,legacy_reported,True,78.499,79.70535224813169,0.015367740329579993,7.149296536892427,6.372175237165044,sampled_bracket,0.2237143181495739,True,False,50.0,20000,True,False
pdf_rescan,expected,m300_dm5,300.0,5.0,matched,legacy_reported,True,28.293,25.658835248806128,-0.09310305556829856,2.301509457155469,2.051337707886142,sampled_bracket,0.174103129906423,True,False,244.0,20000,True,False
pdf_rescan,expected,m300_dm10,300.0,10.0,matched,legacy_reported,True,26.811,22.488771740551652,-0.16121100516386366,2.0171656405603415,1.7979017764488874,sampled_bracket,0.19824846901958573,True,False,384.0,20000,True,False
fresh_cteq6l1,observed,m50_dm2,50.0,2.0,matched,legacy_reported,True,1083.3999999999999,1152.742132142971,0.06400418325915758,0.11173652653622533,0.10736854485638066,sampled_bracket,0.21568596006236768,True,False,13.0,20000,True,False
fresh_cteq6l1,observed,m50_dm5,50.0,5.0,matched,legacy_reported,True,526.9200000000001,454.0330058653876,-0.1383264900451917,0.04400990437808331,0.042289478103754295,sampled_bracket,0.47526777886308946,True,False,43.0,20000,True,False
fresh_cteq6l1,observed,m60_dm2,60.0,2.0,matched,legacy_reported,True,707.51,664.9665535579313,-0.060131229865399316,0.1500793352651067,0.12952587734981455,sampled_bracket,0.3449954999146035,True,False,25.0,20000,True,False
fresh_cteq6l1,observed,m60_dm5,60.0,5.0,matched,legacy_reported,True,286.21000000000004,357.7794524939846,0.2500592309632248,0.08074887693901606,0.0696902682308854,sampled_bracket,0.24730058398691107,True,False,52.0,20000,True,False
fresh_cteq6l1,observed,m70_dm2,70.0,2.0,matched,legacy_reported,True,568.9300000000001,489.21649299538194,-0.14011127380278432,0.19931727073062835,0.17781245656470096,sampled_bracket,0.12052796335862916,True,False,27.0,20000,True,False
fresh_cteq6l1,observed,m70_dm5,70.0,5.0,matched,legacy_reported,True,183.73999999999998,184.99143940862206,0.006810925267345613,0.07536947208320104,0.06723768056813577,sampled_bracket,0.26495136387928603,True,False,66.0,20000,True,False
fresh_cteq6l1,observed,m90_dm20,90.0,20.0,matched,legacy_reported,True,358.95,265.29487147730964,-0.26091413434375355,0.26825961567448564,0.2504301179303967,sampled_bracket,0.18899602115855166,True,False,68.0,20000,True,False
fresh_cteq6l1,observed,m90_dm40,90.0,40.0,matched,legacy_reported,True,2499.2999999999997,566.5971798920391,-0.7732976513855723,0.5729290614390402,0.5348501378456896,sampled_bracket,0.11312616708438643,True,False,33.0,20000,True,False
fresh_cteq6l1,observed,m100_dm2,100.0,2.0,matched,legacy_reported,True,238.13,269.98954162246986,0.13379054139532975,0.3963466624396217,0.36911933869067715,sampled_bracket,0.17843728485426605,True,False,36.0,20000,True,False
fresh_cteq6l1,observed,m100_dm5,100.0,5.0,matched,legacy_reported,True,90.003,77.39670698937853,-0.14006525349845533,0.11361894358838573,0.1058138071907371,sampled_bracket,0.21211251608982143,True,False,124.0,20000,True,False
fresh_cteq6l1,observed,m100_dm10,100.0,10.0,matched,legacy_reported,True,96.834,84.24817144468884,-0.12997323827696028,0.12367694455156057,0.11518086642425054,sampled_bracket,0.19486251125772888,True,False,134.0,20000,True,False
fresh_cteq6l1,observed,m100_dm20,100.0,20.0,matched,legacy_reported,True,320.95,342.4277441377379,0.06691928380662993,0.5026864844472401,0.46815406887946975,sampled_bracket,0.07039523114900988,True,False,60.0,20000,True,False
fresh_cteq6l1,observed,m100_dm30,100.0,30.0,matched,legacy_reported,True,920.14,354.57625544455817,-0.6146496669587691,0.5205205897282554,0.484763047259529,sampled_bracket,0.06894392263499452,True,False,46.0,20000,True,False
fresh_cteq6l1,observed,m100_dm40,100.0,40.0,matched,legacy_reported,True,1134.2,525.8212514660308,-0.536394594016901,0.7719095221466226,0.7188826331726783,sampled_bracket,0.1824644476749951,True,False,25.0,20000,True,False
fresh_cteq6l1,observed,m125_dm2,125.0,2.0,matched,legacy_reported,True,168.15,119.54464083112137,-0.28905952523864786,0.389055765064934,0.3581212053773223,sampled_bracket,0.181781196058032,True,False,55.0,20000,True,False
fresh_cteq6l1,observed,m125_dm5,125.0,5.0,matched,legacy_reported,True,76.247,61.78483875647226,-0.18967515106860255,0.201077585282728,0.1850895261860296,sampled_bracket,0.24468167315029954,True,False,157.0,20000,True,False
fresh_cteq6l1,observed,m125_dm10,125.0,10.0,matched,legacy_reported,True,66.653,63.2646783262258,-0.05083524633211123,0.2058936950805496,0.18952269798528962,sampled_bracket,0.2389582642671598,True,False,201.0,20000,True,False
fresh_cteq6l1,observed,m125_dm20,125.0,20.0,matched,legacy_reported,True,204.88,166.63341374521383,-0.18667798835799576,0.5423052829412037,0.49918556425189997,sampled_bracket,0.11951435984605843,True,False,99.0,20000,True,False
fresh_cteq6l1,observed,m125_dm30,125.0,30.0,matched,legacy_reported,True,498.28,290.5917059066064,-0.4168104160178887,0.9457251925055495,0.8705287938330915,sampled_bracket,0.19852236689006525,True,False,74.0,20000,True,False
fresh_cteq6l1,observed,m125_dm40,125.0,40.0,matched,legacy_reported,True,552.63,450.5679624451447,-0.1846842146732086,1.4663648836461176,1.3497714384637856,sampled_bracket,0.2727152051034177,True,False,37.0,20000,True,False
fresh_cteq6l1,observed,m150_dm2,150.0,2.0,matched,legacy_reported,True,121.06,105.06511462953752,-0.13212361944872364,0.6605175235494234,0.6030168396482231,sampled_bracket,0.21323589396491469,True,False,42.0,20000,True,False
fresh_cteq6l1,observed,m150_dm5,150.0,5.0,matched,legacy_reported,True,51.446,54.222207050923565,0.05396351613193584,0.3408811578319197,0.3112060939531614,sampled_bracket,0.20747119833959327,True,False,149.0,20000,True,False
fresh_cteq6l1,observed,m150_dm10,150.0,10.0,matched,legacy_reported,True,46.633,40.92475524169513,-0.12240783904756014,0.25728347681744435,0.23488592437404623,sampled_bracket,0.19705890415953234,True,False,260.0,20000,True,False
fresh_cteq6l1,observed,m150_dm20,150.0,20.0,matched,legacy_reported,True,128.33,91.7930389756621,-0.28471098748802237,0.577079375938115,0.5268423154534713,sampled_bracket,0.11231257160506118,True,False,142.0,20000,True,False
fresh_cteq6l1,observed,m150_dm25p7,150.0,25.700000000000003,matched,legacy_reported,True,200.2,205.75493833357737,0.027746944723163747,1.293528711269794,1.180921879668776,sampled_bracket,0.15453851024595186,True,False,124.0,20000,True,False
fresh_cteq6l1,observed,m150_dm30,150.0,30.0,matched,legacy_reported,True,334.09,221.33364558587013,-0.3375029315876855,1.3914680622205706,1.2703352196361544,sampled_bracket,0.2873943073920222,True,False,78.0,20000,True,False
fresh_cteq6l1,observed,m150_dm40,150.0,40.0,matched,legacy_reported,True,545.11,386.16709865320234,-0.29157950018674705,2.427733854172847,2.2163899428184797,sampled_bracket,0.16472151562768814,True,False,56.0,20000,True,False
fresh_cteq6l1,observed,m175_dm2,175.0,2.0,matched,legacy_reported,True,82.24199999999999,71.36767313390234,-0.13222352163247064,0.7905255275911991,0.7172547422757714,sampled_bracket,0.05406747189434699,True,False,63.0,20000,True,False
fresh_cteq6l1,observed,m175_dm5,175.0,5.0,matched,legacy_reported,True,49.546,44.80044857931876,-0.09578071732695348,0.49624566269716947,0.45025055166515826,sampled_bracket,0.13042878400216004,True,False,249.0,20000,True,False
fresh_cteq6l1,observed,m175_dm10,175.0,10.0,matched,legacy_reported,True,33.589,31.217956582696583,-0.07058987815366391,0.34579509901566485,0.3137446748626246,sampled_bracket,0.20452291691841643,True,False,280.0,20000,True,False
fresh_cteq6l1,observed,m175_dm20,175.0,20.0,matched,legacy_reported,True,85.084,96.74776371879909,0.13708527712377294,1.0716557455022402,0.9723280763503029,sampled_bracket,0.18728029112179134,True,False,150.0,20000,True,False
fresh_cteq6l1,observed,m175_dm30,175.0,30.0,matched,legacy_reported,True,302.47,160.5932886664949,-0.4690604401544124,1.778859933018877,1.6139842146399968,sampled_bracket,0.22452582836141805,True,False,102.0,20000,True,False
fresh_cteq6l1,observed,m175_dm40,175.0,40.0,matched,legacy_reported,True,268.23,241.83288780529915,-0.09841222903739655,2.6787348224524354,2.4304531449575495,sampled_bracket,0.2986111179409971,True,False,69.0,20000,True,False
fresh_cteq6l1,observed,m200_dm2,200.0,2.0,matched,legacy_reported,True,79.242,65.09949574754962,-0.17847232846786276,1.19155769754661,1.0737403467240594,sampled_bracket,0.1684349825553866,True,False,55.0,20000,True,False
fresh_cteq6l1,observed,m200_dm5,200.0,5.0,matched,legacy_reported,True,38.733,40.20582312969711,0.038025020775491525,0.73591288974295,0.6631482160018443,sampled_bracket,0.19138956060784526,True,False,232.0,20000,True,False
fresh_cteq6l1,observed,m200_dm10,200.0,10.0,matched,legacy_reported,True,37.495,27.767647448341958,-0.25943065879872096,0.5082490068454599,0.45799499760359347,sampled_bracket,0.07060856152161339,True,False,349.0,20000,True,False
fresh_cteq6l1,observed,m200_dm20,200.0,20.0,matched,legacy_reported,True,78.76700000000001,75.0762390370872,-0.046856690783104615,1.3741684094512785,1.238295105188348,sampled_bracket,0.2910123659149499,True,False,178.0,20000,True,False
fresh_cteq6l1,observed,m200_dm30,200.0,30.0,matched,legacy_reported,True,147.31,148.65566311275614,0.009134906746019578,2.7209396575482314,2.451901991256112,sampled_bracket,0.2939793235696999,True,False,106.0,20000,True,False
fresh_cteq6l1,observed,m200_dm40,200.0,40.0,matched,legacy_reported,True,150.01,197.72370334133612,0.31807015093217883,3.6190633736615307,3.261222154539999,sampled_bracket,0.22083061761679565,True,False,75.0,20000,True,False
fresh_cteq6l1,observed,m225_dm2,225.0,2.0,matched,legacy_reported,True,53.833,50.985252489712025,-0.05289966210852026,1.4652183977275357,1.3133338624692046,sampled_bracket,0.41004126137905716,True,False,57.0,20000,True,False
fresh_cteq6l1,observed,m225_dm5,225.0,5.0,matched,legacy_reported,True,35.82,32.30271461147865,-0.0981933385963526,0.9283180808966499,0.8320886310702134,sampled_bracket,0.20224490668373218,True,False,251.0,20000,True,False
fresh_cteq6l1,observed,m225_dm10,225.0,10.0,matched,legacy_reported,True,30.735,25.95858740496784,-0.15540629884601131,0.7460000291741617,0.6686696681102073,sampled_bracket,0.13150713677230752,True,False,325.0,20000,True,False
fresh_cteq6l1,observed,m225_dm20,225.0,20.0,matched,legacy_reported,True,77.102,51.963869929813946,-0.3260373280872877,1.4933419865606734,1.3385421601577985,sampled_bracket,0.26778862685098187,True,False,222.0,20000,True,False
fresh_cteq6l1,observed,m225_dm30,225.0,30.0,matched,legacy_reported,True,189.95999999999998,114.73574135029264,-0.39600051931831615,3.297285212763812,2.9554886362728805,sampled_bracket,0.2424418721515257,True,False,130.0,20000,True,False
fresh_cteq6l1,observed,m225_dm40,225.0,40.0,matched,legacy_reported,True,304.34,173.48556466680066,-0.4299613436722065,4.98564248831049,4.46883080107283,sampled_bracket,0.3209014693193868,True,False,77.0,20000,True,False
fresh_cteq6l1,observed,m250_dm2,250.0,2.0,matched,legacy_reported,True,39.794000000000004,48.52282332558001,0.21935023685932564,2.1001444028102183,1.8777747693774371,sampled_bracket,0.1907964040300372,True,False,57.0,20000,True,False
fresh_cteq6l1,observed,m250_dm5,250.0,5.0,matched,legacy_reported,True,35.652,32.866704370296844,-0.07812452680643878,1.4225228560785104,1.2719018389557577,sampled_bracket,0.2811202634047022,True,False,245.0,20000,True,False
fresh_cteq6l1,observed,m250_dm10,250.0,10.0,matched,legacy_reported,True,22.349999999999998,22.90843914298268,0.02498609140862107,0.9915134146345244,0.8865289791543093,sampled_bracket,0.13055742342285045,True,False,365.0,20000,True,False
fresh_cteq6l1,observed,m250_dm20,250.0,20.0,matched,legacy_reported,True,61.205000000000005,45.3552836063372,-0.258961137058456,1.9630482827553095,1.7551948006504434,sampled_bracket,0.2033571988558978,True,False,223.0,20000,True,False
fresh_cteq6l1,observed,m300_dm2,300.0,2.0,matched,legacy_reported,True,53.641,37.7109140062856,-0.29697593247169884,3.3825395573043884,3.0148609299615288,sampled_bracket,0.2362721814366298,True,False,62.0,20000,True,False
fresh_cteq6l1,observed,m300_dm5,300.0,5.0,matched,legacy_reported,True,32.372,21.205523338374785,-0.34494243981296224,1.9020626631706283,1.6953103762374329,sampled_bracket,0.2098774176737989,True,False,261.0,20000,True,False
fresh_cteq6l1,observed,m300_dm10,300.0,10.0,matched,legacy_reported,True,22.643,22.498741221829007,-0.006371009944397543,2.018059868814285,1.7986988029964293,sampled_bracket,0.19855704292629914,True,False,380.0,20000,True,False
fresh_cteq6l1,expected,m50_dm2,50.0,2.0,matched,legacy_reported,True,1078.7,1296.5194107067853,0.20192770066448995,0.12567301176877807,0.12076022782897161,sampled_bracket,0.41199534066947663,True,False,13.0,20000,True,False
fresh_cteq6l1,expected,m50_dm5,50.0,5.0,matched,legacy_reported,True,707.14,560.3040886659569,-0.20764758228079738,0.05431087398115016,0.052187764288017656,sampled_bracket,0.38512526071681635,True,False,43.0,20000,True,False
fresh_cteq6l1,expected,m60_dm2,60.0,2.0,matched,legacy_reported,True,630.88,752.3775947089514,0.19258431826805644,0.16980753193993856,0.14655228527148795,sampled_bracket,0.30491400884944514,True,False,25.0,20000,True,False
fresh_cteq6l1,expected,m60_dm5,60.0,5.0,matched,legacy_reported,True,357.53000000000003,444.5030474913654,0.2432608382271848,0.10032192075508123,0.0865827715738932,sampled_bracket,0.18371613539666617,True,False,52.0,20000,True,False
fresh_cteq6l1,expected,m70_dm2,70.0,2.0,matched,legacy_reported,True,441.85999999999996,405.5001761176766,-0.0822881090895835,0.16520945132021003,0.14738461087325522,sampled_bracket,0.3134003223355723,True,False,27.0,20000,True,False
fresh_cteq6l1,expected,m70_dm5,70.0,5.0,matched,legacy_reported,True,238.41000000000003,241.5314373619704,0.01309272833341879,0.09840507746554675,0.08778791972440832,sampled_bracket,0.18729476213406804,True,False,66.0,20000,True,False
fresh_cteq6l1,expected,m90_dm20,90.0,20.0,matched,legacy_reported,True,396.76,281.2343587218372,-0.2911726012656588,0.2843772311355559,0.26547649876757207,sampled_bracket,0.1782843155112954,True,False,68.0,20000,True,False
fresh_cteq6l1,expected,m90_dm40,90.0,40.0,matched,legacy_reported,True,1342.7,589.1317552909579,-0.5612335180673584,0.5957154670044366,0.5561220770401316,sampled_bracket,0.10879903632143038,True,False,33.0,20000,True,False
fresh_cteq6l1,expected,m100_dm2,100.0,2.0,matched,legacy_reported,True,203.96,208.48771915010133,0.022199054471961688,0.3060615279696253,0.28503640754138126,sampled_bracket,0.09533043204345243,True,False,36.0,20000,True,False
fresh_cteq6l1,expected,m100_dm5,100.0,5.0,matched,legacy_reported,True,105.47,109.72632723029966,0.04035580952213569,0.16107906742661632,0.15001362312337163,sampled_bracket,0.3214365225961161,True,False,124.0,20000,True,False
fresh_cteq6l1,expected,m100_dm10,100.0,10.0,matched,legacy_reported,True,122.23,111.54031459962783,-0.08745549701687128,0.16374201442530487,0.15249363703108046,sampled_bracket,0.3162089795851152,True,False,134.0,20000,True,False
fresh_cteq6l1,expected,m100_dm20,100.0,20.0,matched,legacy_reported,True,328.34000000000003,323.4828011034497,-0.01479319880779184,0.4748751666583143,0.442253269899162,sampled_bracket,0.1362983851259358,True,False,60.0,20000,True,False
fresh_cteq6l1,expected,m100_dm30,100.0,30.0,matched,legacy_reported,True,663.75,419.75658368266846,-0.3675983673330795,0.6162057981205794,0.5738750903050149,sampled_bracket,0.09583479345141019,True,False,46.0,20000,True,False
fresh_cteq6l1,expected,m100_dm40,100.0,40.0,matched,legacy_reported,True,1117.1,624.1405630867838,-0.4412849672484255,0.9162430055107181,0.8533010223735531,sampled_bracket,0.20491027218168276,True,False,25.0,20000,True,False
fresh_cteq6l1,expected,m125_dm2,125.0,2.0,matched,legacy_reported,True,168.04,120.18160314283351,-0.28480359948325684,0.39112874682118665,0.3600293604335788,sampled_bracket,0.18081775599866362,True,False,55.0,20000,True,False
fresh_cteq6l1,expected,m125_dm5,125.0,5.0,matched,legacy_reported,True,80.829,66.35698320619787,-0.1790448575857938,0.21595754263178474,0.19878634998432995,sampled_bracket,0.22782255901053514,True,False,157.0,20000,True,False
fresh_cteq6l1,expected,m125_dm10,125.0,10.0,matched,legacy_reported,True,80.844,77.40657369336259,-0.04251925073768503,0.2519182251914578,0.23188773066252646,sampled_bracket,0.2012557843382234,True,False,201.0,20000,True,False
fresh_cteq6l1,expected,m125_dm20,125.0,20.0,matched,legacy_reported,True,195.14999999999998,176.81491588450027,-0.09395380023315247,0.575440788445848,0.5296864030458697,sampled_bracket,0.11263238552640907,True,False,99.0,20000,True,False
fresh_cteq6l1,expected,m125_dm30,125.0,30.0,matched,legacy_reported,True,450.15,263.98025924723964,-0.4135726774469851,0.8591187443405449,0.7908085881573743,sampled_bracket,0.2185351034191186,True,False,74.0,20000,True,False
fresh_cteq6l1,expected,m125_dm40,125.0,40.0,matched,legacy_reported,True,552.63,509.670640409763,-0.07773620612387488,1.6587134275293565,1.5268259858409243,sampled_bracket,0.2407890316502133,True,False,37.0,20000,True,False
fresh_cteq6l1,expected,m150_dm2,150.0,2.0,matched,legacy_reported,True,126.6,124.59385262092786,-0.01584634580625699,0.783289708223672,0.7151012161552059,sampled_bracket,0.1798134753142111,True,False,42.0,20000,True,False
fresh_cteq6l1,expected,m150_dm5,150.0,5.0,matched,legacy_reported,True,50.94,64.96658392731659,0.275355004462438,0.4084283092484531,0.37287299652912337,sampled_bracket,0.0848993100205711,True,False,149.0,20000,True,False
fresh_cteq6l1,expected,m150_dm10,150.0,10.0,matched,legacy_reported,True,56.526,51.13116235903456,-0.09543993279137819,0.3214485498509912,0.2934651719745706,sampled_bracket,0.0907671778477417,True,False,260.0,20000,True,False
fresh_cteq6l1,expected,m150_dm20,150.0,20.0,matched,legacy_reported,True,139.16,117.40645577450844,-0.15632038103974955,0.738104381176694,0.6738494519810776,sampled_bracket,0.19082130956737392,True,False,142.0,20000,True,False
fresh_cteq6l1,expected,m150_dm25p7,150.0,25.700000000000003,matched,legacy_reported,True,174.35,157.15977944004402,-0.09859604565503854,0.9880233670646728,0.9020119937232138,ambiguous_samples,0.19002344468992197,True,False,124.0,20000,True,False
fresh_cteq6l1,expected,m150_dm30,150.0,30.0,matched,legacy_reported,True,277.72,245.90769824921722,-0.11454811231017858,1.545958850775841,1.4113769690945854,sampled_bracket,0.258674414134186,True,False,78.0,20000,True,False
fresh_cteq6l1,expected,m150_dm40,150.0,40.0,matched,legacy_reported,True,455.66,292.46881636113966,-0.3581424387456884,1.8386767004390732,1.678612562881732,sampled_bracket,0.2172214396933533,True,False,56.0,20000,True,False
fresh_cteq6l1,expected,m175_dm2,175.0,2.0,matched,legacy_reported,True,102.28,90.20825441720716,-0.11802645270622647,0.999218901006427,0.9066051257095713,sampled_bracket,0.12955062856946825,True,False,63.0,20000,True,False
fresh_cteq6l1,expected,m175_dm5,175.0,5.0,matched,legacy_reported,True,49.037,41.1651316142045,-0.16052915932449985,0.4559779793664232,0.4137151257726594,sampled_bracket,0.14194702656885366,True,False,249.0,20000,True,False
fresh_cteq6l1,expected,m175_dm10,175.0,10.0,matched,legacy_reported,True,40.709,40.88316933813211,0.00427839883397052,0.45285473928775727,0.4108813668622864,sampled_bracket,0.14292600416136947,True,False,280.0,20000,True,False
fresh_cteq6l1,expected,m175_dm20,175.0,20.0,matched,legacy_reported,True,89.132,104.92701689021675,0.17720927265422914,1.1622557068671764,1.0545306740791982,sampled_bracket,0.17268144936967478,True,False,150.0,20000,True,False
fresh_cteq6l1,expected,m175_dm30,175.0,30.0,matched,legacy_reported,True,212.5,168.9059733454856,-0.2051483607271266,1.8709378886673529,1.6975278170195016,sampled_bracket,0.21347582002547819,True,False,102.0,20000,True,False
fresh_cteq6l1,expected,m175_dm40,175.0,40.0,matched,legacy_reported,True,332.21,262.5228464712003,-0.2097683800270903,2.907913381483134,2.638390020561775,sampled_bracket,0.2750769693119346,True,False,69.0,20000,True,False
fresh_cteq6l1,expected,m200_dm2,200.0,2.0,matched,legacy_reported,True,111.42,94.69794634690294,-0.15008125698345953,1.7333170651441696,1.5619323095664261,sampled_bracket,0.23042523957772243,True,False,55.0,20000,True,False
fresh_cteq6l1,expected,m200_dm5,200.0,5.0,matched,legacy_reported,True,39.230000000000004,40.86399644940286,0.041651706586868675,0.7479598568724105,0.6740040181918632,sampled_bracket,0.18830695701036648,True,False,232.0,20000,True,False
fresh_cteq6l1,expected,m200_dm10,200.0,10.0,matched,legacy_reported,True,39.374,33.194472882639374,-0.15694435712299049,0.6075796628701221,0.5475041613309144,sampled_bracket,0.09719541155720123,True,False,349.0,20000,True,False
fresh_cteq6l1,expected,m200_dm20,200.0,20.0,matched,legacy_reported,True,78.862,81.37378346762326,0.03185036478434822,1.4894363920320728,1.342165764441626,sampled_bracket,0.26849082118532586,True,False,178.0,20000,True,False
fresh_cteq6l1,expected,m200_dm30,200.0,30.0,matched,legacy_reported,True,117.41,146.24687152248325,0.24560830868310402,2.6768500048064396,2.412171780021366,sampled_bracket,0.2988213753343419,True,False,106.0,20000,True,False
fresh_cteq6l1,expected,m200_dm40,200.0,40.0,matched,legacy_reported,True,170.58,233.56472079346236,0.36923860237696293,4.275084434079512,3.8523779855348597,ambiguous_samples,0.187294546422778,True,False,75.0,20000,True,False
fresh_cteq6l1,expected,m225_dm2,225.0,2.0,matched,legacy_reported,True,85.545,78.75594139845067,-0.07936242447307651,2.2632947496071796,2.0286816218100827,sampled_bracket,0.1770427824610761,True,False,57.0,20000,True,False
fresh_cteq6l1,expected,m225_dm5,225.0,5.0,matched,legacy_reported,True,40.007,31.38848475914963,-0.21542518161447666,0.902044867879719,0.8085388992455803,sampled_bracket,0.20813554882815324,True,False,251.0,20000,True,False
fresh_cteq6l1,expected,m225_dm10,225.0,10.0,matched,legacy_reported,True,35.812999999999995,33.498818712159434,-0.06461847060677861,0.9626918193471651,0.8628991878832708,sampled_bracket,0.13446612311680395,True,False,325.0,20000,True,False
fresh_cteq6l1,expected,m225_dm20,225.0,20.0,matched,legacy_reported,True,68.232,58.68069347139382,-0.13998280174414024,1.68637061634726,1.5115614426879223,sampled_bracket,0.23683999005219558,True,False,222.0,20000,True,False
fresh_cteq6l1,expected,m225_dm30,225.0,30.0,matched,legacy_reported,True,134.47,116.45333491202028,-0.13398278491841842,3.3466455584239516,2.9997322886315927,sampled_bracket,0.2388660484190817,True,False,130.0,20000,True,False
fresh_cteq6l1,expected,m225_dm40,225.0,40.0,matched,legacy_reported,True,247.29000000000002,188.1811721733871,-0.23902635701651065,5.4079660707773645,4.847376322090914,sampled_bracket,0.29584135311892285,True,False,77.0,20000,True,False
fresh_cteq6l1,expected,m250_dm2,250.0,2.0,matched,legacy_reported,True,68.85,73.38551919005415,0.06587536949969741,3.1762411337896275,2.839931127834887,sampled_bracket,0.25183856209481986,True,False,57.0,20000,True,False
fresh_cteq6l1,expected,m250_dm5,250.0,5.0,matched,legacy_reported,True,32.089,32.560538089833855,0.014694695684934311,1.4092714960756272,1.2600535729793538,sampled_bracket,0.28376363327690546,True,False,245.0,20000,True,False
fresh_cteq6l1,expected,m250_dm10,250.0,10.0,matched,legacy_reported,True,27.233,27.060498539733025,-0.006334280478352605,1.1712211007209579,1.0472086725814662,sampled_bracket,0.17135961764730573,True,False,365.0,20000,True,False
fresh_cteq6l1,expected,m250_dm20,250.0,20.0,matched,legacy_reported,True,60.28,52.34401672093498,-0.13165201192874953,2.265531685975159,2.025650347403141,sampled_bracket,0.17686797429519296,True,False,223.0,20000,True,False
fresh_cteq6l1,expected,m300_dm2,300.0,2.0,matched,legacy_reported,True,78.499,62.67998588358342,-0.20151867051066352,5.622179607398612,5.011054372733006,sampled_bracket,0.2845693506295284,True,False,62.0,20000,True,False
fresh_cteq6l1,expected,m300_dm5,300.0,5.0,matched,legacy_reported,True,28.293,23.20963729437565,-0.1796685648614268,2.0818248066283234,1.8555325565890028,sampled_bracket,0.19247537003316062,True,False,261.0,20000,True,False
fresh_cteq6l1,expected,m300_dm10,300.0,10.0,matched,legacy_reported,True,26.811,25.467444568684304,-0.05011209694959895,2.2843423700277596,2.0360366657591364,sampled_bracket,0.17541153430303455,True,False,380.0,20000,True,False
